prompt	dimension	color	number_responses	avg_words_per_response	percent_unique_words	percent_unique_lemmas	simpson_diversity	modal_agreement	modal_names	modal_response_agreement	modal_response	cosine_fic
liked_blue	liked	blue	13	1.0	1.0	1.0	0.0	0.0769230769230769	sonic,sky,bird,pigeon,phone,smurfs,pencil,color,pillow,ocean,frog,rug,jewelry	0.0769230769230769	sonic,sky,bird,pigeon,phone,smurfs,pencil,color,pillow,ocean,frog,rug,jewelry	0.09359763561511769
relaxed_blue	relaxed	blue	13	1.0769230769230769	1.0	1.0	0.0	0.0769230769230769	smurfette,meditation,bird,water,tranquility,stream,lizzard,yarn,curtain,blue,jay,cat,chair,butterfly	0.0769230769230769	smurfette,meditation,bird,water,tranquility,streams,lizzard,yarn,curtains,blue.jay,cat,chair,butterfly	0.1169938446606018
submissive_blue	submissive	blue	13	1.0	1.0	1.0	0.0	0.0769230769230769	macaw,nun,bird,swallow,butterfly,flower,door,babygirl,bluejay,lake,depression,joystick,woman	0.0769230769230769	macaw,nun,bird,swallow,butterfly,flowers,door,babygirl,bluejay,lake,depression,joystick,woman	0.10756548583756882
old_blue	old	blue	13	1.0769230769230769	1.0	1.0	0.0	0.0769230769230769	bluecheese,necklace,bird,dress,shoe,smurfs,rug,sweater,cheese,blue,jay,pant,shirt,antique	0.0769230769230769	bluecheese,necklace,bird,dress,shoes,smurfs,rug,sweater,cheese,blue.jay,pants,shirt,antique	0.23909537994773372
clean_yellow	clean	yellow	12	1.0833333333333333	1.0	1.0	0.0	0.0833333333333333	table,detergant,sun,glove,hat,flag,ford,mustang,wall,flower,pear,plate,floor	0.0833333333333333	table,detergant,sun,gloves,hat,flag,ford.mustang,walls,flowers,pear,plate,floor	0.20321344640574784
sad_yellow	sad	yellow	12	1.25	1.0	1.0	0.0	0.0833333333333333	cry,sanji,pac,man,big,bird,monkey,skin,flower,book,sad,emoji,dog,trashcan,clown	0.0833333333333333	crying,sanji,pac.man,big.bird,monkey,skin,flower,books,sad.emoji,dog,trashcan,clown	0.15117458545257748
old_yellow	old	yellow	12	1.1666666666666667	1.0	1.0	0.0	0.0833333333333333	wallpaper,leaf,pac,man,phone,book,hat,picture,banana,bellpepper,canary,painting,dress,chair	0.0833333333333333	wallpaper,leaf,pac.man,phone.book,hat,picture,banana,bellpepper,canary,painting,dress,chair	0.2668290479453244
hard_yellow	hard	yellow	12	1.0833333333333333	1.0	1.0	0.0	0.0833333333333333	rock,tractor,lemon,helmet,coin,banana,boil,egg,door,brick,pineapple,table,gold	0.0833333333333333	rock,tractor,lemon,helmet,coin,banana,boiled.egg,door,brick,pineapple,table,gold	0.14212777814296587
relaxed_yellow	relaxed	yellow	12	1.3333333333333333	1.0	1.0	0.0	0.0833333333333333	nap,sofa,post,it,note,canary,banana,hammock,blonde,hair,pineapple,sunflower,bird,egg,yolk,cat	0.0833333333333333	nap,sofa,post.it.notes,canary,banana,hammock,blonde.hair,pineapple,sunflower,bird,egg.yolk,cat	0.13777287364037077
liked_yellow	liked	yellow	12	1.0833333333333333	1.0	1.0	0.0	0.0833333333333333	friend,pac-man,mcdonalds,sunflower,lebron,korma,gold,coin,rose,lemon,bee,pineapple,parakeet	0.0833333333333333	friends,pac-man,mcdonalds,sunflower,lebron,korma,gold.coins,roses,lemon,bee,pineapple,parakeet	0.09967451214069716
jealous_yellow	jealous	yellow	12	1.0833333333333333	1.0	1.0	0.0	0.0833333333333333	vacation,dog,homer,simpson,spongebob,clown,wife,tiger,bee,canary,blonde,lightning,cartoon	0.0833333333333333	vacation,dog,homer.simpson,spongebob,clown,wife,tiger,bees,canary,blonde,lightning,cartoon	0.08344767609110328
submissive_yellow	submissive	yellow	12	1.0833333333333333	1.0	1.0	0.0	0.0833333333333333	wife,asian,flower,blonde,noodle,puppy,baby,chick,labrador,boat,retriever,rock,leaf	0.0833333333333333	wife,asian,flowers,blonde,noodle,puppy,baby.chick,labrador,boat,retriever,rock,leaf	0.14221963189421538
active_yellow	active	yellow	12	1.0	1.0	1.0	0.0	0.0833333333333333	sneaker,sulfur,bee,taxi,jogger,warn,cougar,tiger,sun,snake,giraffe,bird	0.0833333333333333	sneakers,sulfur,bee,taxi,jogger,warning,cougar,tiger,sun,snake,giraffe,bird	0.1274544045973674
tense_yellow	tense	yellow	12	1.0833333333333333	1.0	1.0	0.0	0.0833333333333333	tennis,chicken,tape,measure,homer,banana,danger,cat,rubberband,sun,hair,cable,book	0.0833333333333333	tennis,chicken,tape.measure,homer,banana,danger,cat,rubberband,sun,hair,cable,book	0.09317262552678181
selfless_yellow	selfless	yellow	12	1.0833333333333333	1.0	1.0	0.0	0.0833333333333333	bee,ranger,pikachu,flower,gold,coward,ronald,mcdonald,retreiver,sun,dog,chicken,leaf	0.0833333333333333	bee,ranger,pikachu,flower,gold,coward,ronald.mcdonald,retreiver,sun,dog,chicken,leaf	0.05300587525877137
dead_orange	dead	orange	11	1.0	1.0	1.0	0.0	0.0909090909090909	mufasa,burn,fish,skull,shoe,tree,person,paint,leaf,roadkill,bird	0.0909090909090909	mufasa,burn,fish,skull,shoe,tree,person,paint,leaf,roadkill,bird	0.13601150563310763
old_orange	old	orange	11	1.0909090909090908	1.0	1.0	0.0	0.0909090909090909	orangutan,couch,garfield,trump,popsicle,paint,orange,carpet,sunset,countertop,sunburn,man	0.0909090909090909	orangutan,couch,garfield,trump,popsicle,paint,oranges,carpet,sunset,countertop,sunburned.man	0.23989270107053642
light_orange	light	orange	11	1.181818181818182	1.0	1.0	0.0	0.0909090909090909	medicine,gelatin,jack,o,lantern,pepper,marshmallow,sun,book,sunlight,feather,flower,tangerine	0.0909090909090909	medicine,gelatin,jack.o.lantern,pepper,marshmallow,sun,book,sunlight,feather,flower,tangerine	0.3900851660442748
tense_orange	tense	orange	11	1.0	1.0	1.0	0.0	0.0909090909090909	lion,checkpoint,stress,fox,car,cone,person,life-preserver,giraffe,spring,monkey	0.0909090909090909	lion,checkpoint,stress,fox,car,cone,person,life-preserver,giraffe,spring,monkey	0.04056970711866839
dull_orange	dull	orange	11	1.0	1.0	1.0	0.0	0.0909090909090909	ball,finish,orange,canoe,knife,shine,pencil,ochre,hair,bowl,pen	0.0909090909090909	ball,finish,oranges,canoe,knife,shine,pencil,ochre,hair,bowl,pen	0.29393386320595116
alive_orange	alive	orange	11	1.0909090909090908	1.0	1.0	0.0	0.0909090909090909	snake,fox,butterfly,orangutan,parakeet,tree,sphinx,cat,beetle,tabby,fish,robot	0.0909090909090909	snake,fox,butterfly,orangutan,parakeet,tree,sphinx.cat,beetle,tabby,fish,robot	0.14871996992124817
submissive_orange	submissive	orange	11	1.0	1.0	1.0	0.0	0.0909090909090909	puppy,tabby,cheese,hamster,carrot,cat,person,maid,captain,pumpkin,orange	0.0909090909090909	puppy,tabby,cheese,hamster,carrot,cat,person,maid,captain,pumpkin,orange	0.10481716225988626
new_orange	new	orange	11	1.0909090909090908	1.0	1.0	0.0	0.0909090909090909	book,cup,orange,leaf,parachute,car,sphinx,cat,sign,skirt,vase,sweater	0.0909090909090909	book,cup,orange,leaf,parachute,car,sphinx.cat,sign,skirt,vase,sweater	0.1585591955279279
passive_orange	passive	orange	11	1.0	1.0	1.0	0.0	0.0909090909090909	lorax,parrot,flower,pumpkin,sun,fruit,person,goldfish,hammer,cat,duck	0.0909090909090909	lorax,parrot,flowers,pumpkin,sun,fruit,person,goldfish,hammer,cat,duck	0.07458692670993419
selfless_orange	selfless	orange	11	1.0909090909090908	1.0	1.0	0.0	0.0909090909090909	goku,guard,worker,sunrise,monkey,emergency,person,songbird,poohbear,safety,vest,bird	0.0909090909090909	goku,guard,workers,sunrise,monkey,emergency,person,songbird,poohbear,safety.vest,bird	0.058032159054882786
active_orange	active	orange	11	1.3636363636363635	1.0	1.0	0.0	0.0909090909090909	nami,race,rooster,short,ball,worker,person,wear,a,orange,shirt,dog,painting,buoy,giraffe	0.0909090909090909	nami,race,rooster,shorts,ball,worker,person.wearing.a.orange.shirt,dog,painting,buoy,giraffe	0.1964935332756195
happy_orange	happy	orange	11	1.0909090909090908	1.0	1.0	0.0	0.0909090909090909	boruto,sherbet,popsicle,balloon,jam,candy,tabby,cat,sun,lion,sunrise,smile	0.0909090909090909	boruto,sherbet,popsicle,balloons,jam,candy,tabby.cat,sun,lion,sunrise,smile	0.12567195933862724
angry_green	angry	green	10	1.2	1.0	1.0	0.0	0.1	virus,apple,alligator,ninja,hulk,green,mamba,snake,grinch,monster,panther,cartoon	0.1	virus,apple,alligator,ninja,hulk,green.mamba.snake,grinch,monster,panther,cartoon	0.1274859631151511
passive_green	passive	green	10	1.1	1.0	1.0	0.0	0.1	toad,foam,sign,bird,cactus,palm,tree,iguana,bush,apple,grass	0.1	toad,foam,sign,bird,cactus,palm.tree,iguana,bushes,apple,grass	0.08046829302695589
light_black	light	black	10	1.1	1.0	1.0	0.0	0.1	backpack,mirror,night,cotton,shopping,cart,silk,plastic,charcoal,feather,onyx	0.1	backpack,mirror,night,cotton,shopping.cart,silk,plastic,charcoal,feather,onyx	0.2644901729374685
clean_green	clean	green	10	1.2	1.0	1.0	0.0	0.1	towel,sponge,lettuce,grass,jacket,new,scrub,pad,cucumber,seaweed,sink,marble	0.1	towel,sponge,lettuce,grass,jacket,new.scrub.pad,cucumber,seaweed,sink,marble	0.16969393564137913
soft_green	soft	green	10	1.1	1.0	1.0	0.0	0.1	beanbag,grass,lawn,dinosaur,turtleneck,play,dough,moss,sock,lettuce,pillow	0.1	beanbag,grass,lawn,dinosaur,turtleneck,play.dough,moss,socks,lettuce,pillow	0.3207364165497582
aggressive_black	aggressive	black	10	1.1	1.0	1.0	0.0	0.1	panthar,antd,force,malcolm,x,person,spider,cobra,watermoccasin,bee,snake	0.1	panthar,antd,force,malcolm.x,person,spider,cobra,watermoccasin,bee,snake	0.1444562864765953
passive_brown	passive	brown	10	1.0	1.0	1.0	0.0	0.1	dre,hamster,bison,cardboard,chair,dog,cask,turkey,dirt,tree	0.1	dre,hamster,bison,cardboard,chair,dog,cask,turkey,dirt,tree	0.11454923900700904
passive_black	passive	black	10	1.0	1.0	1.0	0.0	0.1	tar,statue,book,rock,person,stone,receiver,bonobo,veil,cat	0.1	tar,statue,book,rock,person,stone,receiver,bonobo,veil,cat	0.12883820556593337
old_black	old	black	10	1.1	1.0	1.0	0.0	0.1	sweater,grandma,chair,shoe,polish,person,typewriter,train,rasin,book,woman	0.1	sweater,grandma,chair,shoe.polish,person,typewriter,train,rasin,book,woman	0.32330933907132103
hot_brown	hot	brown	10	1.0	1.0	1.0	0.0	0.1	pasta,sand,tea,coal,gravy,bread,toast,potato,hashbrowns,fireplace	0.1	pasta,sand,tea,coals,gravy,bread,toast,potato,hashbrowns,fireplace	0.21613386276826535
selfless_black	selfless	black	10	1.0	1.0	1.0	0.0	0.1	venom,screen,space,mother,kemah,tar,mlk,doctor,galaxy,bird	0.1	venom,screen,space,mother,kemah,tar,mlk,doctor,galaxy,bird	0.06660402328568288
hot_black	hot	black	10	1.0	1.0	1.0	0.0	0.1	bbq,skillet,asphalt,coal,person,pan,stove,singularity,ash,tar	0.1	bbq,skillet,asphalt,coal,person,pan,stove,singularity,ash,tar	0.26785863901997564
heavy_black	heavy	black	10	1.0	1.0	1.0	0.0	0.1	sofa,iron,weight,fireplac,car,cauldron,coal,dumbell,rock,truck	0.1	sofa,iron,weights,fireplac,car,cauldron,coal,dumbell,rock,truck	0.330330916088607
old_brown	old	brown	10	1.0	1.0	1.0	0.0	0.1	grandfather,coat,hat,dirt,wallpaper,sock,frame,tree,table,man	0.1	grandfather,coat,hat,dirt,wallpaper,sock,frame,tree,table,man	0.29477087224811777
dirty_black	dirty	black	10	1.0	1.0	1.0	0.0	0.1	shirt,soot,dish,clothes,doormat,pot,ashpalt,soil,dirt,wall	0.1	shirt,soot,dishes,clothes,doormat,pot,ashpalt,soil,dirt,wall	0.2940539779156781
old_green	old	green	10	1.1	1.0	1.0	0.0	0.1	mold,body,tree,newspaper,copper,old,pickle,lichen,grass,toad,truck	0.1	mold,body,trees,newspaper,copper,old.pickles,lichen,grass,toad,truck	0.23626821332819886
exciting_black	exciting	black	10	1.1	1.0	1.0	0.0	0.1	cat,ski,car,lbd,roller,coaster,sportscar,tv,actor,motorcycle,panther	0.1	cat,skis,car,lbd,roller.coaster,sportscar,tv,actors,motorcycle,panther	0.08553294357119427
angry_black	angry	black	10	1.0	1.0	1.0	0.0	0.1	cat,panther,hornet,blm,person,bull,speaker,grackle,grafitti,bear	0.1	cat,panther,hornet,blm,person,bull,speaker,grackles,grafitti,bear	0.16330804608201777
calm_black	calm	black	10	1.0	1.0	1.0	0.0	0.1	gerbil,lava,water,sky,person,gorilla,rock,night,sea,kitten	0.1	gerbil,lava,waters,sky,person,gorilla,rock,night,sea,kitten	0.09742046800850301
tense_black	tense	black	10	1.0	1.0	1.0	0.0	0.1	hamster,computer,wire,activist,person,panther,snake,raven,needle,cat	0.1	hamster,computer,wire,activist,person,panther,snake,raven,needle,cat	0.108957236828771
happy_black	happy	black	10	1.0	1.0	1.0	0.0	0.1	dog,bird,bear,mother,person,kitten,cat,blackbird,concert,man	0.1	dog,bird,bear,mother,person,kitten,cat,blackbird,concert,man	0.07419024841383796
slow_black	slow	black	10	1.1	1.0	1.0	0.0	0.1	race-car,lava,snail,snae,shopping,cart,turtle,worm,molasses,train,tortoise	0.1	race-car,lava,snail,snae,shopping.cart,turtle,worm,molasses,train,tortoise	0.1816194944329478
clean_black	clean	black	10	1.0	1.0	1.0	0.0	0.1	jacket,screen,pot,pant,kemah,ebony,tile,marble,newspaper,furniture	0.1	jacket,screen,pot,pants,kemah,ebony,tile,marble,newspaper,furniture	0.2102933291381964
fast_brown	fast	brown	10	1.0	1.0	1.0	0.0	0.1	tail,rabbit,gazelle,jupiter,deer,dog,molasses,mouse,centipede,hawk	0.1	tails,rabbit,gazelle,jupiter,deer,dog,molasses,mouse,centipede,hawk	0.15532569717721162
unripe_brown	unripe	brown	10	1.0	1.0	1.0	0.0	0.1	grape,bannana,kiwi,avocado,pear,fruit,tree,coconut,potato,vegetable	0.1	grape,bannana,kiwi,avocado,pear,fruit,tree,coconut,potato,vegetable	0.3223441025349112
relaxed_green	relaxed	green	10	1.1	1.0	1.0	0.0	0.1	park,money,grass,nature,indica,palm,tree,toad,eye,fish,lawn	0.1	park,money,grass,nature,indica,palm.tree,toad,eyes,fish,lawn	0.1436654485767469
tense_brown	tense	brown	10	1.2	1.0	1.0	0.0	0.1	mouse,bear,kitty,drum,head,courtroom,hair,grizzly,german,shepherd,badger,man	0.1	mouse,bear,kitty,drum.head,courtroom,hair,grizzly,german.shepherd,badger,man	0.0707668025984345
tense_green	tense	green	10	1.0	1.0	1.0	0.0	0.1	kiwi,sick,sign,papaya,hose,envy,snake,person,radio,character	0.1	kiwi,sick,sign,papaya,hose,envy,snake,person,radio,character	0.0509548977102703
liked_black	liked	black	10	1.0	1.0	1.0	0.0	0.1	shirt,cake,tea,pant,person,dog,obama,oil,car,cat	0.1	shirt,cake,tea,pants,person,dog,obama,oil,car,cat	0.1542423620650678
dull_brown	dull	brown	10	1.1	1.0	1.0	0.0	0.1	block,paper,bag,knife,football,carpet,grass,bedstand,cake,rock,dirt	0.1	block,paper.bag,knife,football,carpet,grass,bedstand,cake,rock,dirt	0.3879934159679812
selfless_brown	selfless	brown	10	1.1	1.0	1.0	0.0	0.1	horse,dog,squirrel,puppy,teddy,bear,monkey,bag,ghandi,tree,leaf	0.1	horse,dog,squirrel,puppy,teddy.bear,monkey,bag,ghandi,tree,leaves	0.045615791335566855
hard_green	hard	green	10	1.3	1.0	1.0	0.0	0.1	lime,emerald,avocado,christmas,tree,stand,zuchinni,bowling,ball,apple,crocodile,stone,rock	0.1	lime,emerald,avocado,christmas.tree.stand,zuchinni,bowling.ball,apple,crocodile,stone,rock	0.14107405221992167
fresh_brown	fresh	brown	10	1.0	1.0	1.0	0.0	0.1	bark,bread,coffee,mushroom,potato,loaf,syrup,egg,poop,chocolate	0.1	bark,bread,coffee,mushroom,potato,loaf,syrup,egg,poop,chocolate	0.250662879507384
active_brown	active	brown	10	1.0	1.0	1.0	0.0	0.1	cow,cat,deer,volcano,sneaker,fungi,ferret,squirrel,yeast,tree	0.1	cow,cat,deer,volcano,sneakers,fungi,ferret,squirrel,yeast,tree	0.1102801141443981
submissive_green	submissive	green	10	1.0	1.0	1.0	0.0	0.1	grass,eraser,plant,lawn,leather,cabbage,ghecko,flower,alien,leaf	0.1	grass,eraser,plants,lawn,leather,cabbage,ghecko,flower,alien,leaf	0.10206809852696831
disliked_black	disliked	black	10	1.0	1.0	1.0	0.0	0.1	tar,coal,mold,rapper,person,raven,cavity,burnt,tattoo,hawk	0.1	tar,coal,mold,rapper,person,raven,cavity,burnt,tattoo,hawk	0.13739451886214726
sad_white	sad	white	9	1.0	1.0	1.0	0.0	0.1111111111111111	veil,puppy,baby,republican,fog,ermine,orphan,belly,milania	0.1111111111111111	veil,puppy,baby,republican,fog,ermine,orphan,belly,milania	0.1767640973877319
active_white	active	white	9	1.2222222222222223	1.0	1.0	0.0	0.1111111111111111	explosion,dove,shoe,sock,snow,flag,baby,polar,bear,athlete,dog	0.1111111111111111	explosion,dove,shoe,sock,snow,flag,baby.polar.bear,athlete,dog	0.11146827233112
alive_white	alive	white	9	1.0	1.0	1.0	0.0	0.1111111111111111	moth,kitten,sheet,snake,bird,beluga,chicken,dove,people	0.1111111111111111	moth,kitten,sheet,snake,bird,beluga,chicken,dove,people	0.09348329454527796
disliked_white	disliked	white	9	1.1111111111111112	1.0	1.0	0.0	0.1111111111111111	frost,supremacist,pie,trump,snow,bigot,joe,biden,rat,avalanche	0.1111111111111111	frost,supremacist,pie,trump,snow,bigot,joe.biden,rat,avalanche	0.13001434527852912
dirty_white	dirty	white	9	1.0	1.0	1.0	0.0	0.1111111111111111	rug,smock,newspaper,horse,goat,stucco,sock,sheep,floor	0.1111111111111111	rug,smock,newspaper,horse,goat,stucco,socks,sheep,floor	0.3791015058129357
calm_white	calm	white	9	1.0	1.0	1.0	0.0	0.1111111111111111	beach,field,goosebump,fog,swan,sand,feather,dove,yogi	0.1111111111111111	beach,field,goosebump,fog,swan,sand,feathers,dove,yogi	0.10750508326524874
tense_white	tense	white	9	1.0	1.0	1.0	0.0	0.1111111111111111	fist,lightning,teacher,band,stormclouds,racecar,grandfather,bear,tendon	0.1111111111111111	fist,lightning,teacher,band,stormclouds,racecar,grandfather,bear,tendon	0.12094410525073951
fast_white	fast	white	9	1.0	1.0	1.0	0.0	0.1111111111111111	comet,flurry,car,stallion,plane,lamborghini,racecar,bunny,seagull	0.1111111111111111	comet,flurries,car,stallion,plane,lamborghini,racecar,bunny,seagull	0.18853336760610842
old_white	old	white	9	1.1111111111111112	1.0	1.0	0.0	0.1111111111111111	basin,beard,grandma,parent,letter,car,bengal,tiger,marble,trump	0.1111111111111111	basin,beard,grandma,parent,letter,car,bengal.tiger,marble,trump	0.3589021290662591
dead_white	dead	white	9	1.1111111111111112	1.0	1.0	0.0	0.1111111111111111	cadaver,pallor,zombie,human,plant,ash,michael,jackson,corpse,washington	0.1111111111111111	cadaver,pallor,zombie,human,plant,ashes,michael.jackson,corpse,washington	0.22694460929583787
relaxed_white	relaxed	white	9	1.1111111111111112	1.0	1.0	0.0	0.1111111111111111	ghost,bed,wine,cat,towel,recliner,my,dad,pillow,chair	0.1111111111111111	ghost,bed,wine,cat,towel,recliner,my.dad,pillow,chair	0.15957967960066763
light_white	light	white	9	1.0	1.0	1.0	0.0	0.1111111111111111	star,dust,cloud,tunnel,lightbulb,screen,pillow,feather,foam	0.1111111111111111	star,dust,cloud,tunnel,lightbulb,screen,pillow,feather,foam	0.34729830369467873
liked_white	liked	white	9	1.1111111111111112	1.0	1.0	0.0	0.1111111111111111	ball,cream,bear,jesus,whippedcream,icecream,my,husband,dove,biden	0.1111111111111111	ball,cream,bear,jesus,whippedcream,icecream,my.husband,dove,biden	0.17748066617891234
hard_red	hard	red	8	1.25	1.0	1.0	0.0	0.125	pimple,sucker,fire,extinguisher,bowling,ball,house,brick,rock,plate	0.125	pimple,sucker,fire.extinguisher,bowling.ball,house,brick,rock,plate	0.1714994197431154
passive_red	passive	red	8	1.125	1.0	1.0	0.0	0.125	game,fish,light,stop,sign,fire,cardinal,barn,ball	0.125	games,fish,light,stop.sign,fires,cardinal,barn,ball	0.08662513772823971
slow_red	slow	red	8	1.125	1.0	1.0	0.0	0.125	lava,tricycle,wagon,santa,ladybug,car,snail,stop,sign	0.125	lava,tricycle,wagon,santa,ladybug,car,snail,stop.sign	0.20578425136753023
cold_red	cold	red	8	1.25	1.0	1.0	0.0	0.125	grape,sign,popsicle,fire,extinguisher,daquiri,ice,cream,nose,cardinal	0.125	grapes,sign,popsicle,fire.extinguisher,daquiri,ice.cream,nose,cardinals	0.24507743529484416
dull_red	dull	red	8	1.125	1.0	1.0	0.0	0.125	scar,spoon,paper,red,crayon,canopener,brick,pen,lip	0.125	scar,spoon,paper,red.crayon,canopener,brick,pen,lips	0.2610588842341512
dead_red	dead	red	8	1.25	1.0	1.0	0.0	0.125	blood,spider,cooked,lobster,squish,roadkill,cardinal,fox,shrub,licorice	0.125	blood,spider,cooked.lobster,squished.roadkill,cardinal,fox,shrub,licorice	0.21465769832874093
light_red	light	red	8	1.25	1.0	1.0	0.0	0.125	redlight,pomegranate,cardinal,red,balloon,cup,sunset,traffic,light,puffball	0.125	redlight,pomegranate,cardinal,red.balloon,cup,sunset,traffic.light,puffball	0.39040979180728064
selfless_red	selfless	red	8	1.125	1.0	1.0	0.0	0.125	nurse,starfish,greet,card,firetruck,stopsign,cardinal,lion,sock	0.125	nurse,starfish,greeting.card,firetruck,stopsign,cardinal,lion,sock	0.058206380585805434
alive_red	alive	red	8	1.0	1.0	1.0	0.0	0.125	flower,worm,bird,apple,fire,fox,squirrel,poppy	0.125	flower,worm,bird,apple,fire,fox,squirrel,poppy	0.14522252125877783
clean_red	clean	red	8	1.0	1.0	1.0	0.0	0.125	house,plate,blood,apple,bicycle,towel,cherry,bowl	0.125	house,plate,blood,apple,bicycle,towel,cherries,bowl	0.16187436507742764
submissive_red	submissive	red	8	1.125	1.0	1.0	0.0	0.125	wife,cardinal,guinea,pig,cranberry,flag,sunset,shoe,controller	0.125	wife,cardinal,guinea.pig,cranberry,flag,sunset,shoes,controller	0.06345816136870853
disliked_red	disliked	red	8	1.125	1.0	1.0	0.0	0.125	sting,ant,blood,ghost,pepper,fire,apple,radish,frown	0.125	sting,ants,blood,ghost.peppers,fires,apple,radish,frown	0.062098350656556556
liked_red	liked	red	8	1.0	1.0	1.0	0.0	0.125	strawberry,bicycle,candy,santa,cardinal,apple,grape,cherry	0.125	strawberry,bicycle,candy,santa,cardinal,apple,grapes,cherries	0.12380383262201337
exciting_red	exciting	red	8	1.125	1.0	1.0	0.0	0.125	sunset,firework,present,roller,coaster,frog,sunrise,ferrari,balloon	0.125	sunset,fireworks,present,roller.coaster,frog,sunrise,ferrari,balloon	0.07136652465684042
heavy_red	heavy	red	8	1.125	1.0	1.0	0.0	0.125	bowling,ball,brick,axe,firetruck,barrel,car,tree,watermelon	0.125	bowling.ball,brick,axe,firetruck,barrel,car,tree,watermelon	0.2702107627929783
jealous_red	jealous	red	8	1.25	1.0	1.0	0.0	0.125	cheek,husband,clown,angry,cartoon,parrot,pepper,gift,mrs.,claus	0.125	cheeks,husband,clown,angry.cartoon,parrots,pepper,gift,mrs..claus	0.1466921762873861
old_red	old	red	8	1.5	1.0	1.0	0.0	0.125	jewelry,couch,cave,painting,old,tricycle,fox,sun,rug,etch,a,sketch	0.125	jewelry,couch,cave.paintings,old.tricycle,fox,sun,rug,etch.a.sketch	0.2388729663387334
stale_red	stale	red	8	1.125	1.0	1.0	0.0	0.125	popcorn,cereal,macaron,old,candy,cupcake,apple,tomato,cherry	0.125	popcorn,cereal,macaron,old.candy,cupcake,apple,tomato,cherries	0.1944683540300768
tense_red	tense	red	8	1.125	1.0	1.0	0.0	0.125	stress,scorpion,trampoline,angry,cartoon,blood,fox,band,fire	0.125	stress,scorpion,trampoline,angry.cartoon,blood,fox,band,fire	0.0999545214870167
angry_red	angry	red	8	1.25	1.0	1.0	0.0	0.125	cut,wasp,bull,angry,cartoon,fire,red,ant,mite,mar	0.125	cut,wasp,bull,angry.cartoon,fire,red.ant,mites,mars	0.24953516328059555
dirty_red	dirty	red	8	1.125	1.0	1.0	0.0	0.125	shoe,trash,car,old,tricycle,shelf,towel,chicken,mitten	0.125	shoes,trash,car,old.tricycle,shelf,towel,chicken,mittens	0.2885498953348402
relaxed_red	relaxed	red	8	1.0	1.0	1.0	0.0	0.125	salsa,child,lobster,balloon,sofa,sunset,chair,pillow	0.125	salsa,child,lobster,balloon,sofa,sunset,chair,pillow	0.12983271947845856
relaxed_purple	relaxed	purple	7	1.2857142857142858	1.0	1.0	0.0	0.1428571428571428	martin,grape,fang,coat,barney,the,dinosaur,person,sleep	0.1428571428571428	martin,grapes,fang,coat,barney.the.dinosaur,person,sleeping	0.07384179361401655
submissive_purple	submissive	purple	7	1.1428571428571428	1.0	1.0	0.0	0.1428571428571428	snail,rug,dress,hair,red,cabbage,person,bruise	0.1428571428571428	snail,rug,dress,hair,red.cabbage,person,bruised	0.13981291656855938
passive_purple	passive	purple	7	1.1428571428571428	1.0	1.0	0.0	0.1428571428571428	butterfly,eggplant,giraffe,grimace,red,cabbage,person,potato	0.1428571428571428	butterfly,eggplant,giraffe,grimace,red.cabbage,person,potato	0.08021653677139502
active_purple	active	purple	7	1.8571428571428568	1.0	1.0	0.0	0.1428571428571428	twilight,hummingbird,engine,pant,barney,the,dinosaur,athelete,with,a,purple,shirt,galaxy	0.1428571428571428	twilight,hummingbird,engine,pant,barney.the.dinosaur,athelete.with.a.purple.shirt,galaxy	0.07966246454893787
aggressive_purple	aggressive	purple	7	1.4285714285714286	1.0	1.0	0.0	0.1428571428571428	thanos,monster,fish,lightsaber,angry,barney,the,dinosaur,person,eel	0.1428571428571428	thanos,monster,fish,lightsaber,angry.barney.the.dinosaur,person,eels	0.10915451396540658
dirty_purple	dirty	purple	7	1.1428571428571428	1.0	1.0	0.0	0.1428571428571428	martin,towel,garbage,backpack,old,tricycle,shirt,onion	0.1428571428571428	martin,towel,garbage,backpack,old.tricycle,shirt,onions	0.24687722754256808
dull_purple	dull	purple	7	1.0	1.0	1.0	0.0	0.1428571428571428	count,wall,paint,sheath,eggplant,pencil,chalk	0.1428571428571428	count,wall,paint,sheath,eggplant,pencil,chalk	0.2588680256057445
slow_purple	slow	purple	7	1.2857142857142858	1.0	1.0	0.0	0.1428571428571428	leela,mountain,grimace,hair,grow,red,cabbage,stroller,wine	0.1428571428571428	leela,mountain,grimace,hair,growing.red.cabbage,stroller,wine	0.16350574096656567
old_purple	old	purple	7	1.1428571428571428	1.0	1.0	0.0	0.1428571428571428	tree,bruise,comforter,raisin,old,car,person,vein	0.1428571428571428	tree,bruise,comforter,raisin,old.car,person,veins	0.16105279420326468
exciting_purple	exciting	purple	7	1.1428571428571428	1.0	1.0	0.0	0.1428571428571428	fifi,starburst,slide,drug,eggplant,roller,coaster,thanos	0.1428571428571428	fifi,starburst,slide,drug,eggplant,roller.coaster,thanos	0.07960685379329527
fast_purple	fast	purple	7	1.0	1.0	1.0	0.0	0.1428571428571428	racecar,butterfly,plane,jet,motorcycle,ferrari,hummingbird	0.1428571428571428	racecar,butterfly,plane,jet,motorcycle,ferrari,hummingbird	0.19402645563722448
light_purple	light	purple	7	1.0	1.0	1.0	0.0	0.1428571428571428	snail,lamp,lead,pape,lilac,book,flower	0.1428571428571428	snail,lamp,led,pape,lilac,book,flower	0.3499342014698112
selfless_purple	selfless	purple	7	1.2857142857142858	1.0	1.0	0.0	0.1428571428571428	thanos,polish,mascot,heart,barney,the,dinosaur,person,violet	0.1428571428571428	thanos,polish,mascot,heart,barney.the.dinosaur,person,violet	0.13009978679812476
angry_purple	angry	purple	7	1.4285714285714286	1.0	1.0	0.0	0.1428571428571428	thanos,bacteria,count,man,angry,barney,the,dinosaur,person,embarrassment	0.1428571428571428	thanos,bacteria,count,man,angry.barney.the.dinosaur,person,embarrassment	0.2084518426887491
new_purple	new	purple	7	1.1428571428571428	1.0	1.0	0.0	0.1428571428571428	fifi,bud,house,lilac,new,bike,book,fingerling	0.1428571428571428	fifi,bud,house,lilac,new.bike,book,fingerlings	0.1948905979496738
heavy_purple	heavy	purple	7	1.4285714285714286	1.0	1.0	0.0	0.1428571428571428	weight,van,bed,car,bowling,ball,box,of,eggplant,amythist	0.1428571428571428	weight,van,bed,car,bowling.ball,box.of.eggplants,amythist	0.26429970087634425
clean_purple	clean	purple	7	1.1428571428571428	1.0	1.0	0.0	0.1428571428571428	shampoo,pant,soap,jar,new,bike,person,fabuloso	0.1428571428571428	shampoo,pants,soap,jar,new.bike,person,fabuloso	0.1470750209952637
cold_purple	cold	purple	7	1.2857142857142858	1.0	1.0	0.0	0.1428571428571428	arm,sunrise,pop,toe,frozen,grape,spoil,meat,popsicle	0.1428571428571428	arm,sunrise,pop,toe,frozen.grapes,spoiled.meat,popsicle	0.21363936623479474
aggressive_blue	aggressive	blue	13	1.0769230769230769	0.8571428571428571	0.8571428571428571	0.0219780219780219	0.1538461538461538	shark,bird	0.1538461538461538	shark,bird	0.05439425174173898
disliked_blue	disliked	blue	13	1.0769230769230769	0.9285714285714286	0.9285714285714286	0.0109890109890109	0.1538461538461538	police	0.1538461538461538	police	0.10006942709186059
dull_blue	dull	blue	13	1.0769230769230769	0.8571428571428571	0.8571428571428571	0.0219780219780219	0.1538461538461538	knife,pencil	0.1538461538461538	knife,pencil	0.3020400629819111
new_blue	new	blue	13	1.0	0.9230769230769232	0.9230769230769232	0.0128205128205128	0.1538461538461538	car	0.1538461538461538	car	0.21567206247192597
selfless_blue	selfless	blue	13	1.1538461538461535	0.8666666666666667	0.8666666666666667	0.019047619047619	0.1538461538461538	blue,jay	0.1538461538461538	blue.jay	0.1385779584999582
active_blue	active	blue	13	1.0769230769230769	0.9285714285714286	0.9285714285714286	0.0109890109890109	0.1538461538461538	bird	0.1538461538461538	bird	0.10685020341272086
jealous_blue	jealous	blue	13	1.0769230769230769	0.8571428571428571	0.8571428571428571	0.0219780219780219	0.1538461538461538	jean,smurf	0.1538461538461538	jeans,smurf	0.08730916450632113
passive_blue	passive	blue	13	1.0769230769230769	0.9285714285714286	0.9285714285714286	0.0109890109890109	0.1538461538461538	bird	0.1538461538461538	bird	0.07121718344804547
happy_blue	happy	blue	13	1.0769230769230769	0.8571428571428571	0.8571428571428571	0.0219780219780219	0.1538461538461538	sky,bird	0.1538461538461538	sky,bird	0.10205619395866236
clean_blue	clean	blue	13	1.0	0.7692307692307693	0.7692307692307693	0.0384615384615384	0.1538461538461538	towel,sky,sheet	0.1538461538461538	towel,sky,sheets	0.2778589380764687
exciting_blue	exciting	blue	13	1.1538461538461535	0.9333333333333332	0.9333333333333332	0.0095238095238095	0.1538461538461538	ocean	0.1538461538461538	ocean	0.07312300318238173
alive_blue	alive	blue	13	1.0	0.9230769230769232	0.9230769230769232	0.0128205128205128	0.1538461538461538	fish	0.1538461538461538	fish	0.14224870151792082
slow_blue	slow	blue	13	1.0769230769230769	0.9285714285714286	0.9285714285714286	0.0109890109890109	0.1538461538461538	car	0.1538461538461538	car	0.13848265800737444
tense_blue	tense	blue	13	1.0769230769230769	0.9285714285714286	0.9285714285714286	0.0109890109890109	0.1538461538461538	wire	0.1538461538461538	wire	0.08600506120586868
hard_blue	hard	blue	13	1.0	0.8461538461538461	0.8461538461538461	0.0256410256410256	0.1538461538461538	table,ice	0.1538461538461538	table,ice	0.13592281071004397
dead_blue	dead	blue	13	1.0	0.7692307692307693	0.7692307692307693	0.0384615384615384	0.1538461538461538	body,bird,corpse	0.1538461538461538	body,bird,corpse	0.15699254780378494
sad_blue	sad	blue	13	1.0769230769230769	0.8571428571428571	0.8571428571428571	0.0219780219780219	0.1538461538461538	tear,mood	0.1538461538461538	tears,mood	0.17807959643458643
aggressive_yellow	aggressive	yellow	12	1.0	0.8333333333333334	0.8333333333333334	0.0303030303030303	0.1666666666666666	bee,sun	0.1666666666666666	bee,sun	0.12231328145140899
soft_yellow	soft	yellow	12	1.0	0.6666666666666666	0.6666666666666666	0.0606060606060606	0.1666666666666666	pillow,chick,scarf,blanket	0.1666666666666666	pillow,chick,scarf,blanket	0.3754853273478679
happy_yellow	happy	yellow	12	1.0	0.6666666666666666	0.6666666666666666	0.0606060606060606	0.1666666666666666	bird,emoji,smiley,chick	0.1666666666666666	bird,emoji,smiley,chick	0.13130486695909574
stale_yellow	stale	yellow	12	1.0	0.9166666666666666	0.8333333333333334	0.0303030303030303	0.1666666666666666	chip,cheese	0.1666666666666666	cheese	0.2401376261424808
passive_yellow	passive	yellow	12	1.0	0.9166666666666666	0.8333333333333334	0.0303030303030303	0.1666666666666666	flower,banana	0.1666666666666666	banana	0.1140156540072967
disliked_yellow	disliked	yellow	12	1.0833333333333333	0.9230769230769232	0.9230769230769232	0.0128205128205128	0.1666666666666666	clown	0.1666666666666666	clown	0.06308663987946819
dirty_yellow	dirty	yellow	12	1.1666666666666667	0.9285714285714286	0.9285714285714286	0.0109890109890109	0.1666666666666666	tractor	0.1666666666666666	tractor	0.35188340663541556
dull_yellow	dull	yellow	12	1.0	0.9166666666666666	0.9166666666666666	0.0151515151515151	0.1666666666666666	pencil	0.1666666666666666	pencil	0.3061579179863995
new_yellow	new	yellow	12	1.0	0.9166666666666666	0.9166666666666666	0.0151515151515151	0.1666666666666666	car	0.1666666666666666	car	0.2523978555982195
light_yellow	light	yellow	12	1.0833333333333333	0.8461538461538461	0.8461538461538461	0.0256410256410256	0.1666666666666666	sunshine,sun	0.1666666666666666	sunshine,sun	0.46033346079711673
alive_yellow	alive	yellow	12	1.0	0.9166666666666666	0.9166666666666666	0.0151515151515151	0.1666666666666666	sunflower	0.1666666666666666	sunflower	0.12703383172216978
heavy_yellow	heavy	yellow	12	1.25	0.9333333333333332	0.9333333333333332	0.0095238095238095	0.1666666666666666	sun	0.0833333333333333	rocky,truck,taxi,sun,gold,crane,the.sun,hay.bale,bowling.ball,box,paperweight,furniture	0.2560861257523866
liked_orange	liked	orange	11	1.0909090909090908	0.9166666666666666	0.9166666666666666	0.0151515151515151	0.1818181818181818	orange	0.0909090909090909	sun,antique,orange.juice,orange,fruit,cleaner,person,carotene,popsicle,cake,carrot	0.08267323805678563
heavy_orange	heavy	orange	11	1.181818181818182	0.9230769230769232	0.9230769230769232	0.0128205128205128	0.1818181818181818	truck	0.1818181818181818	truck	0.21825664939258335
clean_orange	clean	orange	11	1.0	0.9090909090909092	0.9090909090909092	0.0181818181818181	0.1818181818181818	cleaner	0.1818181818181818	cleaner	0.15531407921841395
calm_orange	calm	orange	11	1.0	0.9090909090909092	0.9090909090909092	0.0181818181818181	0.1818181818181818	sunset	0.1818181818181818	sunset	0.06233588627837893
stale_orange	stale	orange	11	1.4545454545454546	0.875	0.875	0.0166666666666666	0.1818181818181818	potato,cheetos	0.1818181818181818	cheetos	0.17810893592189533
relaxed_orange	relaxed	orange	11	1.0909090909090908	0.9166666666666666	0.9166666666666666	0.0151515151515151	0.1818181818181818	cat	0.0909090909090909	guard,lounger,goldfish,carrot,hair,hat,sphinx.cat,juiced,cat,pillow,tangerine	0.11445990398458615
dirty_orange	dirty	orange	11	1.181818181818182	1.0	0.9230769230769232	0.0128205128205128	0.1818181818181818	cone	0.0909090909090909	cone,shirt,traffic.cones,cheetos,coat,pumice,beach.towel,pumpkin,sign,car,floor	0.2826928543886889
exciting_orange	exciting	orange	11	1.2727272727272727	0.8571428571428571	0.8571428571428571	0.0219780219780219	0.1818181818181818	fire,car	0.1818181818181818	fire	0.1071658528156929
fast_orange	fast	orange	11	1.181818181818182	0.7692307692307693	0.7692307692307693	0.0384615384615384	0.1818181818181818	tiger,car,cheetah	0.1818181818181818	tiger,cheetah	0.1516105234342239
sad_orange	sad	orange	11	1.0909090909090908	0.8333333333333334	0.8333333333333334	0.0303030303030303	0.1818181818181818	trump,cat	0.1818181818181818	trump	0.13149593107712118
hard_orange	hard	orange	11	1.181818181818182	0.9230769230769232	0.9230769230769232	0.0128205128205128	0.1818181818181818	rock	0.1818181818181818	rock	0.15711532581565077
unripe_orange	unripe	orange	11	1.0	0.8181818181818182	0.8181818181818182	0.0363636363636363	0.1818181818181818	pepper,fruit	0.1818181818181818	pepper,fruit	0.38745144571172296
slow_orange	slow	orange	11	1.0909090909090908	0.9166666666666666	0.9166666666666666	0.0151515151515151	0.1818181818181818	slug	0.1818181818181818	slug	0.13974657145570554
jealous_black	jealous	black	10	1.0	0.8	0.8	0.0444444444444444	0.2	cat,crow	0.2	cat,crow	0.09806623465343002
unripe_black	unripe	black	10	1.0	0.9	0.9	0.0222222222222222	0.2	eggplant	0.2	eggplant	0.18337780406575624
alive_black	alive	black	10	1.0	0.7	0.7	0.0666666666666666	0.2	cat,person,beetle	0.2	cat,person,beetle	0.15336658083463073
ripe_black	ripe	black	10	1.0	0.8	0.8	0.0444444444444444	0.2	grape,olive	0.2	grape,olive	0.12550541259746947
soft_black	soft	black	10	1.0	0.7	0.7	0.0666666666666666	0.2	cat,sweater,pillow	0.2	cat,sweater,pillow	0.26409931717399976
relaxed_black	relaxed	black	10	1.0	0.9	0.9	0.0222222222222222	0.2	chair	0.2	chair	0.08846984880835632
active_black	active	black	10	1.0	0.9	0.9	0.0222222222222222	0.2	dog	0.2	dog	0.1586600938794438
stale_black	stale	black	10	1.5	0.8666666666666667	0.8666666666666667	0.019047619047619	0.2	mold,potato	0.2	mold	0.19744336661949635
hard_black	hard	black	10	1.2	0.8333333333333334	0.8333333333333334	0.0303030303030303	0.2	coal,rock	0.2	coal,rock	0.17408947063487568
fresh_black	fresh	black	10	1.0	0.9	0.9	0.0222222222222222	0.2	pepper	0.2	pepper	0.19668891250402895
sad_black	sad	black	10	1.0	0.9	0.9	0.0222222222222222	0.2	widow	0.2	widow	0.17270000349190134
dull_black	dull	black	10	1.0	0.8	0.8	0.0444444444444444	0.2	chair,knife	0.2	chair,knife	0.21168543223749237
submissive_black	submissive	black	10	1.0	0.9	0.9	0.0222222222222222	0.2	cat	0.2	cat	0.1332750277497972
dead_black	dead	black	10	1.0	0.9	0.9	0.0222222222222222	0.2	corpse	0.2	corpse	0.2710365711782768
cold_black	cold	black	10	1.1	0.9090909090909092	0.9090909090909092	0.0181818181818181	0.2	ice	0.1	refrigerator,graphite,space,body,black.ice,obsidian,stone,slate,night,ice	0.24794707818456385
fast_black	fast	black	10	1.0	0.9	0.9	0.0222222222222222	0.2	car	0.2	car	0.16565500319465684
happy_brown	happy	brown	10	1.0	0.8	0.8	0.0444444444444444	0.2	cat,puppy	0.2	cat,puppy	0.10586951609873241
sad_green	sad	green	10	1.2	0.9166666666666666	0.9166666666666666	0.0151515151515151	0.2	lettuce	0.2	lettuce	0.17310171966265928
heavy_green	heavy	green	10	1.2	0.9166666666666666	0.9166666666666666	0.0151515151515151	0.2	car	0.1	car,emerald,my.car,lawnmower,compost,bowling.ball,watermelon,tree,luggage,tractor	0.2743513931968779
liked_green	liked	green	10	1.2	0.9166666666666666	0.9166666666666666	0.0151515151515151	0.2	kermit	0.1	bush,leaf,candy,money,cannabis,kermit.the.frog,pickle,caterpillar,lettuce,kermit	0.11484436554481242
light_green	light	green	10	1.2	0.9166666666666666	0.9166666666666666	0.0151515151515151	0.2	leaf	0.2	leaf	0.39020343334981306
selfless_green	selfless	green	10	1.1	0.9090909090909092	0.9090909090909092	0.0181818181818181	0.2	tree	0.2	tree	0.06546082443912236
dirty_green	dirty	green	10	1.0	0.9	0.9	0.0222222222222222	0.2	grass	0.2	grass	0.285241662490805
disliked_green	disliked	green	10	1.3	0.9230769230769232	0.9230769230769232	0.0128205128205128	0.2	sprout	0.1	mold,germs,sour.apple,hulk,bread,brussels.sprouts,crocodile,fly,brussel.sprouts,pickles	0.10468939877772858
hot_green	hot	green	10	1.0	0.9	0.9	0.0222222222222222	0.2	tea	0.2	tea	0.24195147721042506
dull_green	dull	green	10	1.2	0.9166666666666666	0.9166666666666666	0.0151515151515151	0.2	moss	0.2	moss	0.3317102204119217
dead_green	dead	green	10	1.2	0.9166666666666666	0.9166666666666666	0.0151515151515151	0.2	grass	0.1	frog,alien,grass.clippings,frankenstein,houseplant,picked.cabbage,egg,grass,leaf,parrot	0.20657713572763273
new_green	new	green	10	1.1	0.8181818181818182	0.8181818181818182	0.0363636363636363	0.2	leaf,money	0.2	leaf,money	0.2739783501178854
aggressive_green	aggressive	green	10	1.2	0.9166666666666666	0.9166666666666666	0.0151515151515151	0.2	alligator	0.2	alligator	0.09214748523131665
fresh_green	fresh	green	10	1.0	0.8	0.8	0.0444444444444444	0.2	lawn,lettuce	0.2	lawn,lettuce	0.2831092017480061
clean_brown	clean	brown	10	1.0	0.9	0.9	0.0222222222222222	0.2	pant	0.2	pants	0.18411617528085675
hard_brown	hard	brown	10	1.0	0.9	0.8	0.0444444444444444	0.2	wood,rock	0.2	wood	0.21132571686647386
sad_brown	sad	brown	10	1.1	0.9090909090909092	0.9090909090909092	0.0181818181818181	0.2	cat	0.2	cat	0.2289678413043515
ripe_brown	ripe	brown	10	1.0	0.8	0.8	0.0444444444444444	0.2	coconut,avocado	0.2	coconut,avocado	0.2653953038121039
active_green	active	green	10	1.2	0.9166666666666666	0.9166666666666666	0.0151515151515151	0.2	grasshopper	0.2	grasshopper	0.13987423950676037
cold_green	cold	green	10	1.2	0.9166666666666666	0.9166666666666666	0.0151515151515151	0.2	popsicle	0.2	popsicle	0.25773812056565587
disliked_brown	disliked	brown	10	1.0	0.9	0.9	0.0222222222222222	0.2	poop	0.2	poop	0.14128366688643818
new_brown	new	brown	10	1.0	0.9	0.9	0.0222222222222222	0.2	shoe	0.2	shoes	0.1919173917177874
heavy_brown	heavy	brown	10	1.0	0.7	0.7	0.0666666666666666	0.2	bear,boulder,moose	0.2	bear,boulder,moose	0.32645131018334816
jealous_brown	jealous	brown	10	1.0	0.9	0.9	0.0222222222222222	0.2	dog	0.2	dog	0.07215562770731643
calm_brown	calm	brown	10	1.0	0.9	0.9	0.0222222222222222	0.2	cat	0.2	cat	0.10751645048963727
happy_white	happy	white	9	1.0	0.7777777777777778	0.7777777777777778	0.0555555555555555	0.2222222222222222	cloud,me	0.2222222222222222	cloud,me	0.1781755996929775
fresh_white	fresh	white	9	1.0	0.7777777777777778	0.7777777777777778	0.0555555555555555	0.2222222222222222	snow,milk	0.2222222222222222	snow,milk	0.29291420277988683
passive_white	passive	white	9	1.0	0.8888888888888888	0.7777777777777778	0.0555555555555555	0.2222222222222222	ghost,cloud	0.2222222222222222	ghost	0.1838468735831645
dull_white	dull	white	9	1.0	0.8888888888888888	0.8888888888888888	0.0277777777777777	0.2222222222222222	paper	0.2222222222222222	paper	0.20717268445192855
submissive_white	submissive	white	9	1.0	0.8888888888888888	0.7777777777777778	0.0555555555555555	0.2222222222222222	cloud,cat	0.2222222222222222	cloud	0.20391772492022422
slow_white	slow	white	9	1.0	1.0	0.8888888888888888	0.0277777777777777	0.2222222222222222	cloud	0.1111111111111111	snow,worm,sloth,cloud,clouds,snowfall,cow,grandmother,grandma	0.1413618429695546
heavy_white	heavy	white	9	1.0	0.8888888888888888	0.8888888888888888	0.0277777777777777	0.2222222222222222	refrigerator	0.2222222222222222	refrigerator	0.25014847012011915
new_white	new	white	9	1.0	0.8888888888888888	0.8888888888888888	0.0277777777777777	0.2222222222222222	shoe	0.2222222222222222	shoes	0.27473971120078144
unripe_white	unripe	white	9	1.0	0.8888888888888888	0.8888888888888888	0.0277777777777777	0.2222222222222222	grape	0.2222222222222222	grape	0.19882876491989493
hot_white	hot	white	9	1.0	0.8888888888888888	0.8888888888888888	0.0277777777777777	0.2222222222222222	sun	0.2222222222222222	sun	0.2521854045106307
exciting_white	exciting	white	9	1.0	0.8888888888888888	0.8888888888888888	0.0277777777777777	0.2222222222222222	snow	0.2222222222222222	snow	0.035684738112450466
angry_white	angry	white	9	1.1111111111111112	0.9	0.9	0.0222222222222222	0.2222222222222222	bear	0.1111111111111111	fist,heat,bird,god,sheep,sign,polar.bear,bear,trumpers	0.17075311132655843
jealous_white	jealous	white	9	1.1111111111111112	0.9	0.9	0.0222222222222222	0.2222222222222222	dog	0.2222222222222222	dog	0.06770653994654059
ripe_white	ripe	white	9	1.0	0.8888888888888888	0.8888888888888888	0.0277777777777777	0.2222222222222222	grape	0.2222222222222222	grape	0.15495236530266077
hard_white	hard	white	9	1.0	0.7777777777777778	0.7777777777777778	0.0555555555555555	0.2222222222222222	ice,marble	0.2222222222222222	ice,marble	0.2060063685725228
heavy_blue	heavy	blue	13	1.0	0.8461538461538461	0.8461538461538461	0.0384615384615384	0.2307692307692307	car	0.2307692307692307	car	0.25234321277199845
fast_blue	fast	blue	13	1.0769230769230769	0.7857142857142857	0.7857142857142857	0.0439560439560439	0.2307692307692307	car	0.1538461538461538	car,sonic	0.1785840814181067
stale_blue	stale	blue	13	1.0769230769230769	0.8571428571428571	0.8571428571428571	0.0329670329670329	0.2307692307692307	cheese	0.1538461538461538	cheese	0.1469634464410849
fresh_blue	fresh	blue	13	1.0	0.7692307692307693	0.6153846153846154	0.0897435897435897	0.2307692307692307	blueberry,flower	0.1538461538461538	blueberry,fish,flowers	0.25811347404410107
dirty_blue	dirty	blue	13	1.0769230769230769	0.8571428571428571	0.7857142857142857	0.0439560439560439	0.2307692307692307	car	0.2307692307692307	car	0.3156189573536034
light_blue	light	blue	13	1.1538461538461535	0.6	0.6	0.0666666666666666	0.2307692307692307	feather	0.2307692307692307	feather	0.3741953769525945
angry_blue	angry	blue	13	1.0769230769230769	0.7142857142857143	0.7142857142857143	0.0549450549450549	0.2307692307692307	shark	0.2307692307692307	shark	0.17411184185937756
aggressive_red	aggressive	red	8	1.25	0.9	0.9	0.0222222222222222	0.25	angry	0.125	devil,hornet,crab,angry.cartoon,fire,fox,spider,angry.birds	0.12109023993215062
exciting_yellow	exciting	yellow	12	1.0	0.8333333333333334	0.8333333333333334	0.0454545454545454	0.25	sun	0.25	sun	0.0025920825141401154
angry_yellow	angry	yellow	12	1.0	0.6666666666666666	0.6666666666666666	0.0909090909090909	0.25	sun,lion	0.25	sun,lion	0.1706038065683251
calm_red	calm	red	8	1.25	0.9	0.9	0.0222222222222222	0.25	sunset	0.25	sunset	0.08778963021049092
fresh_red	fresh	red	8	1.0	0.75	0.75	0.0714285714285714	0.25	strawberry,apple	0.25	strawberry,apple	0.24723966878873135
fast_yellow	fast	yellow	12	1.0833333333333333	0.8461538461538461	0.8461538461538461	0.0384615384615384	0.25	car	0.25	car	0.17560915975575556
dead_yellow	dead	yellow	12	1.0	0.9166666666666666	0.8333333333333334	0.0454545454545454	0.25	leaf	0.1666666666666666	leaf	0.19205913844527125
happy_red	happy	red	8	1.125	0.8888888888888888	0.8888888888888888	0.0277777777777777	0.25	balloon	0.25	balloon	0.11873581419734798
calm_yellow	calm	yellow	12	1.0833333333333333	0.8461538461538461	0.8461538461538461	0.0384615384615384	0.25	sunset	0.25	sunset	0.0991979590663725
active_red	active	red	8	1.0	0.875	0.875	0.0357142857142857	0.25	sun	0.25	sun	0.11888292252389915
unripe_yellow	unripe	yellow	12	1.0	0.75	0.75	0.0606060606060606	0.25	banana	0.25	banana	0.32528770853621936
sad_red	sad	red	8	1.125	0.8888888888888888	0.8888888888888888	0.0277777777777777	0.25	blood	0.25	blood	0.1673195142757505
hot_yellow	hot	yellow	12	1.1666666666666667	0.6428571428571429	0.6428571428571429	0.0769230769230769	0.25	fire,sun	0.25	fire,sun	0.26977713759999683
soft_red	soft	red	8	1.125	0.7777777777777778	0.7777777777777778	0.0555555555555555	0.25	pillow,blanket	0.25	pillow,blanket	0.3007502158770272
hot_orange	hot	orange	11	1.3636363636363635	0.7333333333333333	0.7333333333333333	0.0476190476190476	0.2727272727272727	fire	0.2727272727272727	fire	0.24784903591555865
aggressive_orange	aggressive	orange	11	1.0909090909090908	0.6666666666666666	0.6666666666666666	0.0757575757575757	0.2727272727272727	tiger	0.2727272727272727	tiger	0.13915533411354794
cold_orange	cold	orange	11	1.181818181818182	0.6923076923076923	0.6923076923076923	0.0769230769230769	0.2727272727272727	juice,popsicle	0.2727272727272727	popsicle	0.14928791755821388
fresh_orange	fresh	orange	11	1.0	0.6363636363636364	0.5454545454545454	0.1272727272727272	0.2727272727272727	juice,orange	0.2727272727272727	juice	0.1654937699734466
disliked_orange	disliked	orange	11	1.0909090909090908	0.8333333333333334	0.8333333333333334	0.0454545454545454	0.2727272727272727	trump	0.2727272727272727	trump	0.08489363163666386
sad_purple	sad	purple	7	1.0	0.8571428571428571	0.8571428571428571	0.0476190476190476	0.2857142857142857	grimace	0.2857142857142857	grimace	0.21683608282361536
hard_purple	hard	purple	7	1.1428571428571428	0.875	0.875	0.0357142857142857	0.2857142857142857	eggplant	0.2857142857142857	eggplant	0.15457635582383858
alive_purple	alive	purple	7	1.0	0.8571428571428571	0.8571428571428571	0.0476190476190476	0.2857142857142857	butterfly	0.2857142857142857	butterfly	0.12445778869549773
stale_purple	stale	purple	7	1.1428571428571428	0.875	0.875	0.0357142857142857	0.2857142857142857	soda	0.2857142857142857	soda	0.10447142229567662
jealous_purple	jealous	purple	7	1.4285714285714286	0.8	0.8	0.0444444444444444	0.2857142857142857	fish,grimace	0.2857142857142857	fish	0.14646358970004097
hot_purple	hot	purple	7	1.8571428571428568	0.9230769230769232	0.9230769230769232	0.0128205128205128	0.2857142857142857	purple	0.1428571428571428	sandy,candle,taro,outfit,purple.peppers,good.looking.model.with.purple.hair,pie	0.262675890964687
soft_purple	soft	purple	7	1.1428571428571428	0.75	0.75	0.0714285714285714	0.2857142857142857	pillow,blanket	0.2857142857142857	pillow,blanket	0.3118324498967148
disliked_purple	disliked	purple	7	1.2857142857142858	0.8888888888888888	0.8888888888888888	0.0277777777777777	0.2857142857142857	monster	0.2857142857142857	monster	0.1029325425600924
happy_purple	happy	purple	7	1.2857142857142858	0.8888888888888888	0.8888888888888888	0.0277777777777777	0.2857142857142857	barney	0.1428571428571428	bird,ribbon,barney,lakers,barney.the.dinosaur,person,lavender	0.07810698440394342
tense_purple	tense	purple	7	1.2857142857142858	0.8888888888888888	0.8888888888888888	0.0277777777777777	0.2857142857142857	rope	0.1428571428571428	seastar,muscle,count,rope,tight.purple.rope,person,purse	0.061260300496126116
unripe_purple	unripe	purple	7	1.1428571428571428	0.875	0.875	0.0357142857142857	0.2857142857142857	grape	0.2857142857142857	grape	0.381805063800607
light_brown	light	brown	10	1.0	0.7	0.7	0.0888888888888888	0.3	feather	0.3	feather	0.3342600405357369
stale_green	stale	green	10	1.1	0.7272727272727273	0.7272727272727273	0.0727272727272727	0.3	mold	0.3	mold	0.17083781905773235
liked_brown	liked	brown	10	1.2	0.75	0.75	0.0606060606060606	0.3	chocolate	0.2	dog,chocolate	0.13279545954347294
alive_green	alive	green	10	1.2	0.75	0.75	0.0606060606060606	0.3	grass	0.3	grass	0.18943767927726093
slow_brown	slow	brown	10	1.0	0.7	0.7	0.0888888888888888	0.3	sloth	0.3	sloth	0.19019083224091554
aggressive_brown	aggressive	brown	10	1.0	0.8	0.8	0.0666666666666666	0.3	bear	0.3	bear	0.14017641495612287
angry_brown	angry	brown	10	1.0	0.7	0.7	0.0888888888888888	0.3	bear	0.3	bear	0.14803079173381536
soft_brown	soft	brown	10	1.0	0.7	0.7	0.0888888888888888	0.3	pillow	0.3	pillow	0.41390366548982194
exciting_brown	exciting	brown	10	1.0	0.8	0.8	0.0666666666666666	0.3	chocolate	0.3	chocolate	0.07985597315393524
ripe_green	ripe	green	10	1.4	0.7142857142857143	0.6428571428571429	0.0659340659340659	0.3	apple	0.2	granny.smith.apple	0.25903887521655405
exciting_green	exciting	green	10	1.1	0.8181818181818182	0.8181818181818182	0.0545454545454545	0.3	money	0.3	money	0.1085029557129047
dead_brown	dead	brown	10	1.0	0.9	0.8	0.0666666666666666	0.3	leaf	0.2	leaves	0.23601221022845714
jealous_green	jealous	green	10	1.0	0.8	0.8	0.0666666666666666	0.3	envy	0.3	envy	0.09419179046118614
dirty_brown	dirty	brown	10	1.0	0.8	0.8	0.0666666666666666	0.3	mud	0.3	mud	0.37035565742662874
cold_brown	cold	brown	10	1.3	0.6923076923076923	0.6923076923076923	0.0641025641025641	0.3	dirt	0.3	dirt	0.21426023079234863
calm_green	calm	green	10	1.1	0.8181818181818182	0.8181818181818182	0.0545454545454545	0.3	lawn	0.3	lawn	0.16868302323421652
happy_green	happy	green	10	1.3	0.8461538461538461	0.8461538461538461	0.0384615384615384	0.3	frog	0.2	frog	0.09177659380415971
relaxed_brown	relaxed	brown	10	1.1	0.6363636363636364	0.6363636363636364	0.109090909090909	0.3	bear,dog	0.3	dog	0.16872929765876984
submissive_brown	submissive	brown	10	1.1	0.7272727272727273	0.7272727272727273	0.0727272727272727	0.3	dog	0.2	slave,dog	0.15810783337981565
soft_blue	soft	blue	13	1.0	0.6923076923076923	0.6923076923076923	0.0897435897435897	0.3076923076923077	pillow	0.3076923076923077	pillow	0.3169616771426665
hot_blue	hot	blue	13	1.0769230769230769	0.6428571428571429	0.6428571428571429	0.0989010989010989	0.3076923076923077	fire	0.3076923076923077	fire	0.24744775133596578
cold_yellow	cold	yellow	12	1.3333333333333333	0.5	0.5	0.1083333333333333	0.3333333333333333	popsicle	0.25	ice.cream,popsicle	0.17331399763061003
fresh_yellow	fresh	yellow	12	1.0	0.5833333333333334	0.5833333333333334	0.1363636363636363	0.3333333333333333	lemon	0.3333333333333333	lemon	0.25789822154396136
slow_yellow	slow	yellow	12	1.25	0.7333333333333333	0.7333333333333333	0.0666666666666666	0.3333333333333333	slug	0.3333333333333333	slug	0.2046917272658791
aggressive_white	aggressive	white	9	1.2222222222222223	0.8181818181818182	0.8181818181818182	0.0545454545454545	0.3333333333333333	bear	0.2222222222222222	bear	0.12579841935503785
selfless_white	selfless	white	9	1.0	0.7777777777777778	0.7777777777777778	0.0833333333333333	0.3333333333333333	angel	0.3333333333333333	angel	0.12108864005731165
angry_orange	angry	orange	11	1.0909090909090908	0.75	0.75	0.0909090909090909	0.3636363636363636	trump	0.3636363636363636	trump	0.22028753188734662
ripe_orange	ripe	orange	11	1.0	0.6363636363636364	0.5454545454545454	0.1454545454545454	0.3636363636363636	orange	0.2727272727272727	orange	0.2780124750702929
jealous_orange	jealous	orange	11	1.0	0.7272727272727273	0.7272727272727273	0.109090909090909	0.3636363636363636	trump	0.3636363636363636	trump	0.11042294294909358
ripe_red	ripe	red	8	1.0	0.75	0.625	0.1428571428571428	0.375	apple	0.375	apple	0.17026969150384338
unripe_red	unripe	red	8	1.25	0.9	0.8	0.0666666666666666	0.375	apple	0.125	apples,raspberry,beet,small.crab.apples,tomatoe,apple,tomato,pomegranate	0.25547778665801807
hot_red	hot	red	8	1.25	0.7	0.7	0.0888888888888888	0.375	pepper	0.375	pepper	0.3349022483057833
alive_brown	alive	brown	10	1.0	0.7	0.7	0.1333333333333333	0.4	bear	0.4	bear	0.12678584060510353
slow_green	slow	green	10	1.1	0.5454545454545454	0.5454545454545454	0.1454545454545454	0.4	turtle	0.4	turtle	0.16388191175531686
fast_green	fast	green	10	1.2	0.6666666666666666	0.6666666666666666	0.106060606060606	0.4	car	0.4	car	0.17309211695117804
stale_brown	stale	brown	10	1.0	0.7	0.7	0.1333333333333333	0.4	bread	0.4	bread	0.3495543439429055
ripe_purple	ripe	purple	7	1.0	0.4285714285714285	0.4285714285714285	0.238095238095238	0.4285714285714285	eggplant	0.4285714285714285	eggplant	0.2946296071638147
fresh_purple	fresh	purple	7	1.0	0.7142857142857143	0.7142857142857143	0.1428571428571428	0.4285714285714285	eggplant	0.4285714285714285	eggplant	0.17457503730682347
calm_purple	calm	purple	7	1.0	0.7142857142857143	0.7142857142857143	0.1428571428571428	0.4285714285714285	lilac	0.4285714285714285	lilac	0.10650178526235661
liked_purple	liked	purple	7	1.0	0.7142857142857143	0.7142857142857143	0.1428571428571428	0.4285714285714285	eggplant	0.4285714285714285	eggplant	0.06080955687747486
dead_purple	dead	purple	7	1.1428571428571428	0.625	0.625	0.1428571428571428	0.4285714285714285	zombie	0.4285714285714285	zombie	0.16723580716709352
soft_white	soft	white	9	1.0	0.6666666666666666	0.6666666666666666	0.1666666666666666	0.4444444444444444	pillow	0.4444444444444444	pillow	0.3517570824216388
soft_orange	soft	orange	11	1.0	0.6363636363636364	0.6363636363636364	0.1818181818181818	0.4545454545454545	pillow	0.4545454545454545	pillow	0.31920769125287196
calm_blue	calm	blue	13	1.0	0.4615384615384615	0.4615384615384615	0.2179487179487179	0.4615384615384615	ocean	0.4615384615384615	ocean	0.20727512056818267
unripe_blue	unripe	blue	13	1.0	0.6923076923076923	0.5384615384615384	0.2051282051282051	0.4615384615384615	blueberry	0.2307692307692307	blueberry	0.25640577853851726
unripe_green	unripe	green	10	1.1	0.5454545454545454	0.5454545454545454	0.2	0.5	banana	0.4	banana	0.30071394496586273
new_red	new	red	8	1.25	0.7	0.7	0.1333333333333333	0.5	car	0.375	car	0.2173616374162799
new_black	new	black	10	1.0	0.6	0.6	0.2222222222222222	0.5	shoe	0.5	shoes	0.25231222533294034
fast_red	fast	red	8	1.125	0.6666666666666666	0.6666666666666666	0.1666666666666666	0.5	car	0.375	car	0.2117828544055514
ripe_blue	ripe	blue	13	1.0	0.4615384615384615	0.3076923076923077	0.3205128205128205	0.5384615384615384	blueberry	0.3076923076923077	blueberry	0.1853188780905779
clean_white	clean	white	9	1.1111111111111112	0.7	0.6	0.2222222222222222	0.5555555555555556	sheet	0.3333333333333333	sheets	0.3512880142684804
ripe_yellow	ripe	yellow	12	1.0	0.5	0.5	0.3181818181818182	0.5833333333333334	banana	0.5833333333333334	banana	0.23573115517493984
cold_blue	cold	blue	13	1.0	0.4615384615384615	0.4615384615384615	0.358974358974359	0.6153846153846154	ice	0.6153846153846154	ice	0.31991946323603
cold_white	cold	white	9	1.0	0.3333333333333333	0.3333333333333333	0.5833333333333334	0.7777777777777778	snow	0.7777777777777778	snow	0.28354700447426084
stale_white	stale	white	9	1.0	0.2222222222222222	0.2222222222222222	0.7777777777777778	0.8888888888888888	bread	0.8888888888888888	bread	0.24480720922764396
