prompt,dimension,color,number_responses,avg_words_per_response,percent_unique_words,percent_unique_lemmas,simpson_diversity,modal_agreement,modal_names,modal_response_agreement,modal_response
happy_brown,happy,brown,10,1.0,0.8,0.8,0.044444444444444446,0.2,"cat,puppy",0.2,"cat,puppy"
unripe_brown,unripe,brown,10,1.0,1.0,1.0,0.0,0.1,"grape,bannana,kiwi,avocado,pear,fruit,tree,coconut,potato,vegetable",0.1,"grape,bannana,kiwi,avocado,pear,fruit,tree,coconut,potato,vegetable"
hard_brown,hard,brown,10,1.0,0.9,0.8,0.044444444444444446,0.2,"wood,rock",0.2,wood
angry_blue,angry,blue,13,1.0769230769230769,0.7142857142857143,0.7142857142857143,0.054945054945054944,0.23076923076923078,shark,0.23076923076923078,shark
sad_brown,sad,brown,10,1.1,0.9090909090909091,0.9090909090909091,0.01818181818181818,0.2,cat,0.2,cat
liked_purple,liked,purple,7,1.0,0.7142857142857143,0.7142857142857143,0.14285714285714285,0.42857142857142855,eggplant,0.42857142857142855,eggplant
ripe_blue,ripe,blue,13,1.0,0.46153846153846156,0.3076923076923077,0.32051282051282054,0.5384615384615384,blueberry,0.3076923076923077,blueberry
slow_brown,slow,brown,10,1.0,0.7,0.7,0.08888888888888889,0.3,sloth,0.3,sloth
dead_purple,dead,purple,7,1.1428571428571428,0.625,0.625,0.14285714285714285,0.42857142857142855,zombie,0.42857142857142855,zombie
clean_blue,clean,blue,13,1.0,0.7692307692307693,0.7692307692307693,0.038461538461538464,0.15384615384615385,"towel,sky,sheet",0.15384615384615385,"towel,sky,sheets"
exciting_blue,exciting,blue,13,1.1538461538461537,0.9333333333333333,0.9333333333333333,0.009523809523809525,0.15384615384615385,ocean,0.15384615384615385,ocean
calm_blue,calm,blue,13,1.0,0.46153846153846156,0.46153846153846156,0.21794871794871795,0.46153846153846156,ocean,0.46153846153846156,ocean
alive_blue,alive,blue,13,1.0,0.9230769230769231,0.9230769230769231,0.01282051282051282,0.15384615384615385,fish,0.15384615384615385,fish
slow_blue,slow,blue,13,1.0769230769230769,0.9285714285714286,0.9285714285714286,0.01098901098901099,0.15384615384615385,car,0.15384615384615385,car
jealous_purple,jealous,purple,7,1.4285714285714286,0.8,0.8,0.044444444444444446,0.2857142857142857,"fish,grimace",0.2857142857142857,fish
tense_brown,tense,brown,10,1.2,1.0,1.0,0.0,0.1,"mouse,bear,kitty,drum,head,courtroom,hair,grizzly,german,shepherd,badger,man",0.1,"mouse,bear,kitty,drum.head,courtroom,hair,grizzly,german.shepherd,badger,man"
ripe_brown,ripe,brown,10,1.0,0.8,0.8,0.044444444444444446,0.2,"coconut,avocado",0.2,"coconut,avocado"
heavy_purple,heavy,purple,7,1.4285714285714286,1.0,1.0,0.0,0.14285714285714285,"weight,van,bed,car,bowling,ball,box,of,eggplant,amythist",0.14285714285714285,"weight,van,bed,car,bowling.ball,box.of.eggplants,amythist"
new_brown,new,brown,10,1.0,0.9,0.9,0.022222222222222223,0.2,shoe,0.2,shoes
happy_purple,happy,purple,7,1.2857142857142858,0.8888888888888888,0.8888888888888888,0.027777777777777776,0.2857142857142857,barney,0.14285714285714285,"bird,ribbon,barney,lakers,barney.the.dinosaur,person,lavender"
light_purple,light,purple,7,1.0,1.0,1.0,0.0,0.14285714285714285,"snail,lamp,lead,pape,lilac,book,flower",0.14285714285714285,"snail,lamp,led,pape,lilac,book,flower"
alive_brown,alive,brown,10,1.0,0.7,0.7,0.13333333333333333,0.4,bear,0.4,bear
tense_purple,tense,purple,7,1.2857142857142858,0.8888888888888888,0.8888888888888888,0.027777777777777776,0.2857142857142857,rope,0.14285714285714285,"seastar,muscle,count,rope,tight.purple.rope,person,purse"
fast_blue,fast,blue,13,1.0769230769230769,0.7857142857142857,0.7857142857142857,0.04395604395604396,0.23076923076923078,car,0.15384615384615385,"car,sonic"
hard_blue,hard,blue,13,1.0,0.8461538461538461,0.8461538461538461,0.02564102564102564,0.15384615384615385,"table,ice",0.15384615384615385,"table,ice"
heavy_blue,heavy,blue,13,1.0,0.8461538461538461,0.8461538461538461,0.038461538461538464,0.23076923076923078,car,0.23076923076923078,car
hot_purple,hot,purple,7,1.8571428571428572,0.9230769230769231,0.9230769230769231,0.01282051282051282,0.2857142857142857,purple,0.14285714285714285,"sandy,candle,taro,outfit,purple.peppers,good.looking.model.with.purple.hair,pie"
selfless_purple,selfless,purple,7,1.2857142857142858,1.0,1.0,0.0,0.14285714285714285,"thanos,polish,mascot,heart,barney,the,dinosaur,person,violet",0.14285714285714285,"thanos,polish,mascot,heart,barney.the.dinosaur,person,violet"
dirty_purple,dirty,purple,7,1.1428571428571428,1.0,1.0,0.0,0.14285714285714285,"martin,towel,garbage,backpack,old,tricycle,shirt,onion",0.14285714285714285,"martin,towel,garbage,backpack,old.tricycle,shirt,onions"
jealous_blue,jealous,blue,13,1.0769230769230769,0.8571428571428571,0.8571428571428571,0.02197802197802198,0.15384615384615385,"jean,smurf",0.15384615384615385,"jeans,smurf"
submissive_blue,submissive,blue,13,1.0,1.0,1.0,0.0,0.07692307692307693,"macaw,nun,bird,swallow,butterfly,flower,door,babygirl,bluejay,lake,depression,joystick,woman",0.07692307692307693,"macaw,nun,bird,swallow,butterfly,flowers,door,babygirl,bluejay,lake,depression,joystick,woman"
active_blue,active,blue,13,1.0769230769230769,0.9285714285714286,0.9285714285714286,0.01098901098901099,0.15384615384615385,bird,0.15384615384615385,bird
dull_brown,dull,brown,10,1.1,1.0,1.0,0.0,0.1,"block,paper,bag,knife,football,carpet,grass,bedstand,cake,rock,dirt",0.1,"block,paper.bag,knife,football,carpet,grass,bedstand,cake,rock,dirt"
selfless_brown,selfless,brown,10,1.1,1.0,1.0,0.0,0.1,"horse,dog,squirrel,puppy,teddy,bear,monkey,bag,ghandi,tree,leaf",0.1,"horse,dog,squirrel,puppy,teddy.bear,monkey,bag,ghandi,tree,leaves"
disliked_brown,disliked,brown,10,1.0,0.9,0.9,0.022222222222222223,0.2,poop,0.2,poop
selfless_blue,selfless,blue,13,1.1538461538461537,0.8666666666666667,0.8666666666666667,0.01904761904761905,0.15384615384615385,"blue,jay",0.15384615384615385,blue.jay
liked_brown,liked,brown,10,1.2,0.75,0.75,0.06060606060606061,0.3,chocolate,0.2,"dog,chocolate"
disliked_purple,disliked,purple,7,1.2857142857142858,0.8888888888888888,0.8888888888888888,0.027777777777777776,0.2857142857142857,monster,0.2857142857142857,monster
heavy_brown,heavy,brown,10,1.0,0.7,0.7,0.06666666666666667,0.2,"bear,boulder,moose",0.2,"bear,boulder,moose"
light_blue,light,blue,13,1.1538461538461537,0.6,0.6,0.06666666666666667,0.23076923076923078,feather,0.23076923076923078,feather
relaxed_blue,relaxed,blue,13,1.0769230769230769,1.0,1.0,0.0,0.07692307692307693,"smurfette,meditation,bird,water,tranquility,stream,lizzard,yarn,curtain,blue,jay,cat,chair,butterfly",0.07692307692307693,"smurfette,meditation,bird,water,tranquility,streams,lizzard,yarn,curtains,blue.jay,cat,chair,butterfly"
soft_brown,soft,brown,10,1.0,0.7,0.7,0.08888888888888889,0.3,pillow,0.3,pillow
light_brown,light,brown,10,1.0,0.7,0.7,0.08888888888888889,0.3,feather,0.3,feather
aggressive_purple,aggressive,purple,7,1.4285714285714286,1.0,1.0,0.0,0.14285714285714285,"thanos,monster,fish,lightsaber,angry,barney,the,dinosaur,person,eel",0.14285714285714285,"thanos,monster,fish,lightsaber,angry.barney.the.dinosaur,person,eels"
new_blue,new,blue,13,1.0,0.9230769230769231,0.9230769230769231,0.01282051282051282,0.15384615384615385,car,0.15384615384615385,car
dull_blue,dull,blue,13,1.0769230769230769,0.8571428571428571,0.8571428571428571,0.02197802197802198,0.15384615384615385,"knife,pencil",0.15384615384615385,"knife,pencil"
active_brown,active,brown,10,1.0,1.0,1.0,0.0,0.1,"cow,cat,deer,volcano,sneaker,fungi,ferret,squirrel,yeast,tree",0.1,"cow,cat,deer,volcano,sneakers,fungi,ferret,squirrel,yeast,tree"
ripe_purple,ripe,purple,7,1.0,0.42857142857142855,0.42857142857142855,0.23809523809523808,0.42857142857142855,eggplant,0.42857142857142855,eggplant
soft_blue,soft,blue,13,1.0,0.6923076923076923,0.6923076923076923,0.08974358974358974,0.3076923076923077,pillow,0.3076923076923077,pillow
hot_blue,hot,blue,13,1.0769230769230769,0.6428571428571429,0.6428571428571429,0.0989010989010989,0.3076923076923077,fire,0.3076923076923077,fire
aggressive_blue,aggressive,blue,13,1.0769230769230769,0.8571428571428571,0.8571428571428571,0.02197802197802198,0.15384615384615385,"shark,bird",0.15384615384615385,"shark,bird"
old_brown,old,brown,10,1.0,1.0,1.0,0.0,0.1,"grandfather,coat,hat,dirt,wallpaper,sock,frame,tree,table,man",0.1,"grandfather,coat,hat,dirt,wallpaper,sock,frame,tree,table,man"
jealous_brown,jealous,brown,10,1.0,0.9,0.9,0.022222222222222223,0.2,dog,0.2,dog
angry_purple,angry,purple,7,1.4285714285714286,1.0,1.0,0.0,0.14285714285714285,"thanos,bacteria,count,man,angry,barney,the,dinosaur,person,embarrassment",0.14285714285714285,"thanos,bacteria,count,man,angry.barney.the.dinosaur,person,embarrassment"
sad_purple,sad,purple,7,1.0,0.8571428571428571,0.8571428571428571,0.047619047619047616,0.2857142857142857,grimace,0.2857142857142857,grimace
submissive_purple,submissive,purple,7,1.1428571428571428,1.0,1.0,0.0,0.14285714285714285,"snail,rug,dress,hair,red,cabbage,person,bruise",0.14285714285714285,"snail,rug,dress,hair,red.cabbage,person,bruised"
passive_purple,passive,purple,7,1.1428571428571428,1.0,1.0,0.0,0.14285714285714285,"butterfly,eggplant,giraffe,grimace,red,cabbage,person,potato",0.14285714285714285,"butterfly,eggplant,giraffe,grimace,red.cabbage,person,potato"
aggressive_brown,aggressive,brown,10,1.0,0.8,0.8,0.06666666666666667,0.3,bear,0.3,bear
disliked_blue,disliked,blue,13,1.0769230769230769,0.9285714285714286,0.9285714285714286,0.01098901098901099,0.15384615384615385,police,0.15384615384615385,police
active_purple,active,purple,7,1.8571428571428572,1.0,1.0,0.0,0.14285714285714285,"twilight,hummingbird,engine,pant,barney,the,dinosaur,athelete,with,a,purple,shirt,galaxy",0.14285714285714285,"twilight,hummingbird,engine,pant,barney.the.dinosaur,athelete.with.a.purple.shirt,galaxy"
angry_brown,angry,brown,10,1.0,0.7,0.7,0.08888888888888889,0.3,bear,0.3,bear
dirty_blue,dirty,blue,13,1.0769230769230769,0.8571428571428571,0.7857142857142857,0.04395604395604396,0.23076923076923078,car,0.23076923076923078,car
unripe_purple,unripe,purple,7,1.1428571428571428,0.875,0.875,0.03571428571428571,0.2857142857142857,grape,0.2857142857142857,grape
calm_brown,calm,brown,10,1.0,0.9,0.9,0.022222222222222223,0.2,cat,0.2,cat
passive_blue,passive,blue,13,1.0769230769230769,0.9285714285714286,0.9285714285714286,0.01098901098901099,0.15384615384615385,bird,0.15384615384615385,bird
passive_brown,passive,brown,10,1.0,1.0,1.0,0.0,0.1,"dre,hamster,bison,cardboard,chair,dog,cask,turkey,dirt,tree",0.1,"dre,hamster,bison,cardboard,chair,dog,cask,turkey,dirt,tree"
happy_blue,happy,blue,13,1.0769230769230769,0.8571428571428571,0.8571428571428571,0.02197802197802198,0.15384615384615385,"sky,bird",0.15384615384615385,"sky,bird"
dull_purple,dull,purple,7,1.0,1.0,1.0,0.0,0.14285714285714285,"count,wall,paint,sheath,eggplant,pencil,chalk",0.14285714285714285,"count,wall,paint,sheath,eggplant,pencil,chalk"
cold_blue,cold,blue,13,1.0,0.46153846153846156,0.46153846153846156,0.358974358974359,0.6153846153846154,ice,0.6153846153846154,ice
stale_brown,stale,brown,10,1.0,0.7,0.7,0.13333333333333333,0.4,bread,0.4,bread
hot_brown,hot,brown,10,1.0,1.0,1.0,0.0,0.1,"pasta,sand,tea,coal,gravy,bread,toast,potato,hashbrowns,fireplace",0.1,"pasta,sand,tea,coals,gravy,bread,toast,potato,hashbrowns,fireplace"
slow_purple,slow,purple,7,1.2857142857142858,1.0,1.0,0.0,0.14285714285714285,"leela,mountain,grimace,hair,grow,red,cabbage,stroller,wine",0.14285714285714285,"leela,mountain,grimace,hair,growing.red.cabbage,stroller,wine"
exciting_brown,exciting,brown,10,1.0,0.8,0.8,0.06666666666666667,0.3,chocolate,0.3,chocolate
exciting_purple,exciting,purple,7,1.1428571428571428,1.0,1.0,0.0,0.14285714285714285,"fifi,starburst,slide,drug,eggplant,roller,coaster,thanos",0.14285714285714285,"fifi,starburst,slide,drug,eggplant,roller.coaster,thanos"
dead_brown,dead,brown,10,1.0,0.9,0.8,0.06666666666666667,0.3,leaf,0.2,leaves
calm_purple,calm,purple,7,1.0,0.7142857142857143,0.7142857142857143,0.14285714285714285,0.42857142857142855,lilac,0.42857142857142855,lilac
fast_purple,fast,purple,7,1.0,1.0,1.0,0.0,0.14285714285714285,"racecar,butterfly,plane,jet,motorcycle,ferrari,hummingbird",0.14285714285714285,"racecar,butterfly,plane,jet,motorcycle,ferrari,hummingbird"
stale_blue,stale,blue,13,1.0769230769230769,0.8571428571428571,0.8571428571428571,0.03296703296703297,0.23076923076923078,cheese,0.15384615384615385,cheese
dirty_brown,dirty,brown,10,1.0,0.8,0.8,0.06666666666666667,0.3,mud,0.3,mud
hard_purple,hard,purple,7,1.1428571428571428,0.875,0.875,0.03571428571428571,0.2857142857142857,eggplant,0.2857142857142857,eggplant
dead_blue,dead,blue,13,1.0,0.7692307692307693,0.7692307692307693,0.038461538461538464,0.15384615384615385,"body,bird,corpse",0.15384615384615385,"body,bird,corpse"
alive_purple,alive,purple,7,1.0,0.8571428571428571,0.8571428571428571,0.047619047619047616,0.2857142857142857,butterfly,0.2857142857142857,butterfly
stale_purple,stale,purple,7,1.1428571428571428,0.875,0.875,0.03571428571428571,0.2857142857142857,soda,0.2857142857142857,soda
fresh_purple,fresh,purple,7,1.0,0.7142857142857143,0.7142857142857143,0.14285714285714285,0.42857142857142855,eggplant,0.42857142857142855,eggplant
clean_brown,clean,brown,10,1.0,0.9,0.9,0.022222222222222223,0.2,pant,0.2,pants
sad_blue,sad,blue,13,1.0769230769230769,0.8571428571428571,0.8571428571428571,0.02197802197802198,0.15384615384615385,"tear,mood",0.15384615384615385,"tears,mood"
fresh_blue,fresh,blue,13,1.0,0.7692307692307693,0.6153846153846154,0.08974358974358974,0.23076923076923078,"blueberry,flower",0.15384615384615385,"blueberry,fish,flowers"
tense_blue,tense,blue,13,1.0769230769230769,0.9285714285714286,0.9285714285714286,0.01098901098901099,0.15384615384615385,wire,0.15384615384615385,wire
relaxed_brown,relaxed,brown,10,1.1,0.6363636363636364,0.6363636363636364,0.10909090909090909,0.3,"bear,dog",0.3,dog
submissive_brown,submissive,brown,10,1.1,0.7272727272727273,0.7272727272727273,0.07272727272727272,0.3,dog,0.2,"slave,dog"
cold_brown,cold,brown,10,1.3,0.6923076923076923,0.6923076923076923,0.0641025641025641,0.3,dirt,0.3,dirt
old_blue,old,blue,13,1.0769230769230769,1.0,1.0,0.0,0.07692307692307693,"bluecheese,necklace,bird,dress,shoe,smurfs,rug,sweater,cheese,blue,jay,pant,shirt,antique",0.07692307692307693,"bluecheese,necklace,bird,dress,shoes,smurfs,rug,sweater,cheese,blue.jay,pants,shirt,antique"
soft_purple,soft,purple,7,1.1428571428571428,0.75,0.75,0.07142857142857142,0.2857142857142857,"pillow,blanket",0.2857142857142857,"pillow,blanket"
cold_purple,cold,purple,7,1.2857142857142858,1.0,1.0,0.0,0.14285714285714285,"arm,sunrise,pop,toe,frozen,grape,spoil,meat,popsicle",0.14285714285714285,"arm,sunrise,pop,toe,frozen.grapes,spoiled.meat,popsicle"
unripe_blue,unripe,blue,13,1.0,0.6923076923076923,0.5384615384615384,0.20512820512820512,0.46153846153846156,blueberry,0.23076923076923078,blueberry
fast_brown,fast,brown,10,1.0,1.0,1.0,0.0,0.1,"tail,rabbit,gazelle,jupiter,deer,dog,molasses,mouse,centipede,hawk",0.1,"tails,rabbit,gazelle,jupiter,deer,dog,molasses,mouse,centipede,hawk"
old_purple,old,purple,7,1.1428571428571428,1.0,1.0,0.0,0.14285714285714285,"tree,bruise,comforter,raisin,old,car,person,vein",0.14285714285714285,"tree,bruise,comforter,raisin,old.car,person,veins"
fresh_brown,fresh,brown,10,1.0,1.0,1.0,0.0,0.1,"bark,bread,coffee,mushroom,potato,loaf,syrup,egg,poop,chocolate",0.1,"bark,bread,coffee,mushroom,potato,loaf,syrup,egg,poop,chocolate"
relaxed_purple,relaxed,purple,7,1.2857142857142858,1.0,1.0,0.0,0.14285714285714285,"martin,grape,fang,coat,barney,the,dinosaur,person,sleep",0.14285714285714285,"martin,grapes,fang,coat,barney.the.dinosaur,person,sleeping"
liked_blue,liked,blue,13,1.0,1.0,1.0,0.0,0.07692307692307693,"sonic,sky,bird,pigeon,phone,smurfs,pencil,color,pillow,ocean,frog,rug,jewelry",0.07692307692307693,"sonic,sky,bird,pigeon,phone,smurfs,pencil,color,pillow,ocean,frog,rug,jewelry"
new_purple,new,purple,7,1.1428571428571428,1.0,1.0,0.0,0.14285714285714285,"fifi,bud,house,lilac,new,bike,book,fingerling",0.14285714285714285,"fifi,bud,house,lilac,new.bike,book,fingerlings"
clean_purple,clean,purple,7,1.1428571428571428,1.0,1.0,0.0,0.14285714285714285,"shampoo,pant,soap,jar,new,bike,person,fabuloso",0.14285714285714285,"shampoo,pants,soap,jar,new.bike,person,fabuloso"
relaxed_white,relaxed,white,9,1.1111111111111112,1.0,1.0,0.0,0.1111111111111111,"ghost,bed,wine,cat,towel,recliner,my,dad,pillow,chair",0.1111111111111111,"ghost,bed,wine,cat,towel,recliner,my.dad,pillow,chair"
fresh_white,fresh,white,9,1.0,0.7777777777777778,0.7777777777777778,0.05555555555555555,0.2222222222222222,"snow,milk",0.2222222222222222,"snow,milk"
hot_white,hot,white,9,1.0,0.8888888888888888,0.8888888888888888,0.027777777777777776,0.2222222222222222,sun,0.2222222222222222,sun
old_green,old,green,10,1.1,1.0,1.0,0.0,0.1,"mold,body,tree,newspaper,copper,old,pickle,lichen,grass,toad,truck",0.1,"mold,body,trees,newspaper,copper,old.pickles,lichen,grass,toad,truck"
slow_green,slow,green,10,1.1,0.5454545454545454,0.5454545454545454,0.14545454545454545,0.4,turtle,0.4,turtle
liked_white,liked,white,9,1.1111111111111112,1.0,1.0,0.0,0.1111111111111111,"ball,cream,bear,jesus,whippedcream,icecream,my,husband,dove,biden",0.1111111111111111,"ball,cream,bear,jesus,whippedcream,icecream,my.husband,dove,biden"
aggressive_green,aggressive,green,10,1.2,0.9166666666666666,0.9166666666666666,0.015151515151515152,0.2,alligator,0.2,alligator
slow_white,slow,white,9,1.0,1.0,0.8888888888888888,0.027777777777777776,0.2222222222222222,cloud,0.1111111111111111,"snow,worm,sloth,cloud,clouds,snowfall,cow,grandmother,grandma"
new_green,new,green,10,1.1,0.8181818181818182,0.8181818181818182,0.03636363636363636,0.2,"leaf,money",0.2,"leaf,money"
unripe_white,unripe,white,9,1.0,0.8888888888888888,0.8888888888888888,0.027777777777777776,0.2222222222222222,grape,0.2222222222222222,grape
calm_white,calm,white,9,1.0,1.0,1.0,0.0,0.1111111111111111,"beach,field,goosebump,fog,swan,sand,feather,dove,yogi",0.1111111111111111,"beach,field,goosebump,fog,swan,sand,feathers,dove,yogi"
submissive_white,submissive,white,9,1.0,0.8888888888888888,0.7777777777777778,0.05555555555555555,0.2222222222222222,"cloud,cat",0.2222222222222222,cloud
dull_green,dull,green,10,1.2,0.9166666666666666,0.9166666666666666,0.015151515151515152,0.2,moss,0.2,moss
happy_white,happy,white,9,1.0,0.7777777777777778,0.7777777777777778,0.05555555555555555,0.2222222222222222,"cloud,me",0.2222222222222222,"cloud,me"
new_white,new,white,9,1.0,0.8888888888888888,0.8888888888888888,0.027777777777777776,0.2222222222222222,shoe,0.2222222222222222,shoes
passive_white,passive,white,9,1.0,0.8888888888888888,0.7777777777777778,0.05555555555555555,0.2222222222222222,"ghost,cloud",0.2222222222222222,ghost
dull_white,dull,white,9,1.0,0.8888888888888888,0.8888888888888888,0.027777777777777776,0.2222222222222222,paper,0.2222222222222222,paper
happy_green,happy,green,10,1.3,0.8461538461538461,0.8461538461538461,0.038461538461538464,0.3,frog,0.2,frog
dirty_green,dirty,green,10,1.0,0.9,0.9,0.022222222222222223,0.2,grass,0.2,grass
old_white,old,white,9,1.1111111111111112,1.0,1.0,0.0,0.1111111111111111,"basin,beard,grandma,parent,letter,car,bengal,tiger,marble,trump",0.1111111111111111,"basin,beard,grandma,parent,letter,car,bengal.tiger,marble,trump"
light_green,light,green,10,1.2,0.9166666666666666,0.9166666666666666,0.015151515151515152,0.2,leaf,0.2,leaf
exciting_green,exciting,green,10,1.1,0.8181818181818182,0.8181818181818182,0.05454545454545454,0.3,money,0.3,money
liked_green,liked,green,10,1.2,0.9166666666666666,0.9166666666666666,0.015151515151515152,0.2,kermit,0.1,"bush,leaf,candy,money,cannabis,kermit.the.frog,pickle,caterpillar,lettuce,kermit"
heavy_white,heavy,white,9,1.0,0.8888888888888888,0.8888888888888888,0.027777777777777776,0.2222222222222222,refrigerator,0.2222222222222222,refrigerator
selfless_white,selfless,white,9,1.0,0.7777777777777778,0.7777777777777778,0.08333333333333333,0.3333333333333333,angel,0.3333333333333333,angel
dead_green,dead,green,10,1.2,0.9166666666666666,0.9166666666666666,0.015151515151515152,0.2,grass,0.1,"frog,alien,grass.clippings,frankenstein,houseplant,picked.cabbage,egg,grass,leaf,parrot"
sad_white,sad,white,9,1.0,1.0,1.0,0.0,0.1111111111111111,"veil,puppy,baby,republican,fog,ermine,orphan,belly,milania",0.1111111111111111,"veil,puppy,baby,republican,fog,ermine,orphan,belly,milania"
fresh_green,fresh,green,10,1.0,0.8,0.8,0.044444444444444446,0.2,"lawn,lettuce",0.2,"lawn,lettuce"
fast_green,fast,green,10,1.2,0.6666666666666666,0.6666666666666666,0.10606060606060606,0.4,car,0.4,car
angry_green,angry,green,10,1.2,1.0,1.0,0.0,0.1,"virus,apple,alligator,ninja,hulk,green,mamba,snake,grinch,monster,panther,cartoon",0.1,"virus,apple,alligator,ninja,hulk,green.mamba.snake,grinch,monster,panther,cartoon"
passive_green,passive,green,10,1.1,1.0,1.0,0.0,0.1,"toad,foam,sign,bird,cactus,palm,tree,iguana,bush,apple,grass",0.1,"toad,foam,sign,bird,cactus,palm.tree,iguana,bushes,apple,grass"
exciting_white,exciting,white,9,1.0,0.8888888888888888,0.8888888888888888,0.027777777777777776,0.2222222222222222,snow,0.2222222222222222,snow
clean_green,clean,green,10,1.2,1.0,1.0,0.0,0.1,"towel,sponge,lettuce,grass,jacket,new,scrub,pad,cucumber,seaweed,sink,marble",0.1,"towel,sponge,lettuce,grass,jacket,new.scrub.pad,cucumber,seaweed,sink,marble"
unripe_green,unripe,green,10,1.1,0.5454545454545454,0.5454545454545454,0.2,0.5,banana,0.4,banana
heavy_green,heavy,green,10,1.2,0.9166666666666666,0.9166666666666666,0.015151515151515152,0.2,car,0.1,"car,emerald,my.car,lawnmower,compost,bowling.ball,watermelon,tree,luggage,tractor"
soft_green,soft,green,10,1.1,1.0,1.0,0.0,0.1,"beanbag,grass,lawn,dinosaur,turtleneck,play,dough,moss,sock,lettuce,pillow",0.1,"beanbag,grass,lawn,dinosaur,turtleneck,play.dough,moss,socks,lettuce,pillow"
fast_white,fast,white,9,1.0,1.0,1.0,0.0,0.1111111111111111,"comet,flurry,car,stallion,plane,lamborghini,racecar,bunny,seagull",0.1111111111111111,"comet,flurries,car,stallion,plane,lamborghini,racecar,bunny,seagull"
aggressive_white,aggressive,white,9,1.2222222222222223,0.8181818181818182,0.8181818181818182,0.05454545454545454,0.3333333333333333,bear,0.2222222222222222,bear
light_white,light,white,9,1.0,1.0,1.0,0.0,0.1111111111111111,"star,dust,cloud,tunnel,lightbulb,screen,pillow,feather,foam",0.1111111111111111,"star,dust,cloud,tunnel,lightbulb,screen,pillow,feather,foam"
submissive_green,submissive,green,10,1.0,1.0,1.0,0.0,0.1,"grass,eraser,plant,lawn,leather,cabbage,ghecko,flower,alien,leaf",0.1,"grass,eraser,plants,lawn,leather,cabbage,ghecko,flower,alien,leaf"
tense_white,tense,white,9,1.0,1.0,1.0,0.0,0.1111111111111111,"fist,lightning,teacher,band,stormclouds,racecar,grandfather,bear,tendon",0.1111111111111111,"fist,lightning,teacher,band,stormclouds,racecar,grandfather,bear,tendon"
selfless_green,selfless,green,10,1.1,0.9090909090909091,0.9090909090909091,0.01818181818181818,0.2,tree,0.2,tree
active_white,active,white,9,1.2222222222222223,1.0,1.0,0.0,0.1111111111111111,"explosion,dove,shoe,sock,snow,flag,baby,polar,bear,athlete,dog",0.1111111111111111,"explosion,dove,shoe,sock,snow,flag,baby.polar.bear,athlete,dog"
soft_white,soft,white,9,1.0,0.6666666666666666,0.6666666666666666,0.16666666666666666,0.4444444444444444,pillow,0.4444444444444444,pillow
hard_green,hard,green,10,1.3,1.0,1.0,0.0,0.1,"lime,emerald,avocado,christmas,tree,stand,zuchinni,bowling,ball,apple,crocodile,stone,rock",0.1,"lime,emerald,avocado,christmas.tree.stand,zuchinni,bowling.ball,apple,crocodile,stone,rock"
cold_white,cold,white,9,1.0,0.3333333333333333,0.3333333333333333,0.5833333333333334,0.7777777777777778,snow,0.7777777777777778,snow
disliked_white,disliked,white,9,1.1111111111111112,1.0,1.0,0.0,0.1111111111111111,"frost,supremacist,pie,trump,snow,bigot,joe,biden,rat,avalanche",0.1111111111111111,"frost,supremacist,pie,trump,snow,bigot,joe.biden,rat,avalanche"
disliked_green,disliked,green,10,1.3,0.9230769230769231,0.9230769230769231,0.01282051282051282,0.2,sprout,0.1,"mold,germs,sour.apple,hulk,bread,brussels.sprouts,crocodile,fly,brussel.sprouts,pickles"
hot_green,hot,green,10,1.0,0.9,0.9,0.022222222222222223,0.2,tea,0.2,tea
clean_white,clean,white,9,1.1111111111111112,0.7,0.6,0.2222222222222222,0.5555555555555556,sheet,0.3333333333333333,sheets
sad_green,sad,green,10,1.2,0.9166666666666666,0.9166666666666666,0.015151515151515152,0.2,lettuce,0.2,lettuce
ripe_white,ripe,white,9,1.0,0.8888888888888888,0.8888888888888888,0.027777777777777776,0.2222222222222222,grape,0.2222222222222222,grape
jealous_green,jealous,green,10,1.0,0.8,0.8,0.06666666666666667,0.3,envy,0.3,envy
alive_white,alive,white,9,1.0,1.0,1.0,0.0,0.1111111111111111,"moth,kitten,sheet,snake,bird,beluga,chicken,dove,people",0.1111111111111111,"moth,kitten,sheet,snake,bird,beluga,chicken,dove,people"
ripe_green,ripe,green,10,1.4,0.7142857142857143,0.6428571428571429,0.06593406593406594,0.3,apple,0.2,granny.smith.apple
calm_green,calm,green,10,1.1,0.8181818181818182,0.8181818181818182,0.05454545454545454,0.3,lawn,0.3,lawn
stale_white,stale,white,9,1.0,0.2222222222222222,0.2222222222222222,0.7777777777777778,0.8888888888888888,bread,0.8888888888888888,bread
angry_white,angry,white,9,1.1111111111111112,0.9,0.9,0.022222222222222223,0.2222222222222222,bear,0.1111111111111111,"fist,heat,bird,god,sheep,sign,polar.bear,bear,trumpers"
jealous_white,jealous,white,9,1.1111111111111112,0.9,0.9,0.022222222222222223,0.2222222222222222,dog,0.2222222222222222,dog
tense_green,tense,green,10,1.0,1.0,1.0,0.0,0.1,"kiwi,sick,sign,papaya,hose,envy,snake,person,radio,character",0.1,"kiwi,sick,sign,papaya,hose,envy,snake,person,radio,character"
alive_green,alive,green,10,1.2,0.75,0.75,0.06060606060606061,0.3,grass,0.3,grass
stale_green,stale,green,10,1.1,0.7272727272727273,0.7272727272727273,0.07272727272727272,0.3,mold,0.3,mold
cold_green,cold,green,10,1.2,0.9166666666666666,0.9166666666666666,0.015151515151515152,0.2,popsicle,0.2,popsicle
dirty_white,dirty,white,9,1.0,1.0,1.0,0.0,0.1111111111111111,"rug,smock,newspaper,horse,goat,stucco,sock,sheep,floor",0.1111111111111111,"rug,smock,newspaper,horse,goat,stucco,socks,sheep,floor"
relaxed_green,relaxed,green,10,1.1,1.0,1.0,0.0,0.1,"park,money,grass,nature,indica,palm,tree,toad,eye,fish,lawn",0.1,"park,money,grass,nature,indica,palm.tree,toad,eyes,fish,lawn"
active_green,active,green,10,1.2,0.9166666666666666,0.9166666666666666,0.015151515151515152,0.2,grasshopper,0.2,grasshopper
dead_white,dead,white,9,1.1111111111111112,1.0,1.0,0.0,0.1111111111111111,"cadaver,pallor,zombie,human,plant,ash,michael,jackson,corpse,washington",0.1111111111111111,"cadaver,pallor,zombie,human,plant,ashes,michael.jackson,corpse,washington"
hard_white,hard,white,9,1.0,0.7777777777777778,0.7777777777777778,0.05555555555555555,0.2222222222222222,"ice,marble",0.2222222222222222,"ice,marble"
ripe_yellow,ripe,yellow,12,1.0,0.5,0.5,0.3181818181818182,0.5833333333333334,banana,0.5833333333333334,banana
happy_yellow,happy,yellow,12,1.0,0.6666666666666666,0.6666666666666666,0.06060606060606061,0.16666666666666666,"bird,emoji,smiley,chick",0.16666666666666666,"bird,emoji,smiley,chick"
dirty_yellow,dirty,yellow,12,1.1666666666666667,0.9285714285714286,0.9285714285714286,0.01098901098901099,0.16666666666666666,tractor,0.16666666666666666,tractor
relaxed_red,relaxed,red,8,1.0,1.0,1.0,0.0,0.125,"salsa,child,lobster,balloon,sofa,sunset,chair,pillow",0.125,"salsa,child,lobster,balloon,sofa,sunset,chair,pillow"
cold_red,cold,red,8,1.25,1.0,1.0,0.0,0.125,"grape,sign,popsicle,fire,extinguisher,daquiri,ice,cream,nose,cardinal",0.125,"grapes,sign,popsicle,fire.extinguisher,daquiri,ice.cream,nose,cardinals"
new_red,new,red,8,1.25,0.7,0.7,0.13333333333333333,0.5,car,0.375,car
selfless_yellow,selfless,yellow,12,1.0833333333333333,1.0,1.0,0.0,0.08333333333333333,"bee,ranger,pikachu,flower,gold,coward,ronald,mcdonald,retreiver,sun,dog,chicken,leaf",0.08333333333333333,"bee,ranger,pikachu,flower,gold,coward,ronald.mcdonald,retreiver,sun,dog,chicken,leaf"
aggressive_red,aggressive,red,8,1.25,0.9,0.9,0.022222222222222223,0.25,angry,0.125,"devil,hornet,crab,angry.cartoon,fire,fox,spider,angry.birds"
happy_red,happy,red,8,1.125,0.8888888888888888,0.8888888888888888,0.027777777777777776,0.25,balloon,0.25,balloon
hard_red,hard,red,8,1.25,1.0,1.0,0.0,0.125,"pimple,sucker,fire,extinguisher,bowling,ball,house,brick,rock,plate",0.125,"pimple,sucker,fire.extinguisher,bowling.ball,house,brick,rock,plate"
active_yellow,active,yellow,12,1.0,1.0,1.0,0.0,0.08333333333333333,"sneaker,sulfur,bee,taxi,jogger,warn,cougar,tiger,sun,snake,giraffe,bird",0.08333333333333333,"sneakers,sulfur,bee,taxi,jogger,warning,cougar,tiger,sun,snake,giraffe,bird"
dull_red,dull,red,8,1.125,1.0,1.0,0.0,0.125,"scar,spoon,paper,red,crayon,canopener,brick,pen,lip",0.125,"scar,spoon,paper,red.crayon,canopener,brick,pen,lips"
soft_yellow,soft,yellow,12,1.0,0.6666666666666666,0.6666666666666666,0.06060606060606061,0.16666666666666666,"pillow,chick,scarf,blanket",0.16666666666666666,"pillow,chick,scarf,blanket"
angry_red,angry,red,8,1.25,1.0,1.0,0.0,0.125,"cut,wasp,bull,angry,cartoon,fire,red,ant,mite,mar",0.125,"cut,wasp,bull,angry.cartoon,fire,red.ant,mites,mars"
selfless_red,selfless,red,8,1.125,1.0,1.0,0.0,0.125,"nurse,starfish,greet,card,firetruck,stopsign,cardinal,lion,sock",0.125,"nurse,starfish,greeting.card,firetruck,stopsign,cardinal,lion,sock"
stale_yellow,stale,yellow,12,1.0,0.9166666666666666,0.8333333333333334,0.030303030303030304,0.16666666666666666,"chip,cheese",0.16666666666666666,cheese
calm_yellow,calm,yellow,12,1.0833333333333333,0.8461538461538461,0.8461538461538461,0.038461538461538464,0.25,sunset,0.25,sunset
light_red,light,red,8,1.25,1.0,1.0,0.0,0.125,"redlight,pomegranate,cardinal,red,balloon,cup,sunset,traffic,light,puffball",0.125,"redlight,pomegranate,cardinal,red.balloon,cup,sunset,traffic.light,puffball"
calm_red,calm,red,8,1.25,0.9,0.9,0.022222222222222223,0.25,sunset,0.25,sunset
angry_yellow,angry,yellow,12,1.0,0.6666666666666666,0.6666666666666666,0.09090909090909091,0.25,"sun,lion",0.25,"sun,lion"
soft_red,soft,red,8,1.125,0.7777777777777778,0.7777777777777778,0.05555555555555555,0.25,"pillow,blanket",0.25,"pillow,blanket"
liked_yellow,liked,yellow,12,1.0833333333333333,1.0,1.0,0.0,0.08333333333333333,"friend,pac-man,mcdonalds,sunflower,lebron,korma,gold,coin,rose,lemon,bee,pineapple,parakeet",0.08333333333333333,"friends,pac-man,mcdonalds,sunflower,lebron,korma,gold.coins,roses,lemon,bee,pineapple,parakeet"
clean_yellow,clean,yellow,12,1.0833333333333333,1.0,1.0,0.0,0.08333333333333333,"table,detergant,sun,glove,hat,flag,ford,mustang,wall,flower,pear,plate,floor",0.08333333333333333,"table,detergant,sun,gloves,hat,flag,ford.mustang,walls,flowers,pear,plate,floor"
clean_red,clean,red,8,1.0,1.0,1.0,0.0,0.125,"house,plate,blood,apple,bicycle,towel,cherry,bowl",0.125,"house,plate,blood,apple,bicycle,towel,cherries,bowl"
exciting_yellow,exciting,yellow,12,1.0,0.8333333333333334,0.8333333333333334,0.045454545454545456,0.25,sun,0.25,sun
submissive_red,submissive,red,8,1.125,1.0,1.0,0.0,0.125,"wife,cardinal,guinea,pig,cranberry,flag,sunset,shoe,controller",0.125,"wife,cardinal,guinea.pig,cranberry,flag,sunset,shoes,controller"
aggressive_yellow,aggressive,yellow,12,1.0,0.8333333333333334,0.8333333333333334,0.030303030303030304,0.16666666666666666,"bee,sun",0.16666666666666666,"bee,sun"
dirty_red,dirty,red,8,1.125,1.0,1.0,0.0,0.125,"shoe,trash,car,old,tricycle,shelf,towel,chicken,mitten",0.125,"shoes,trash,car,old.tricycle,shelf,towel,chicken,mittens"
exciting_red,exciting,red,8,1.125,1.0,1.0,0.0,0.125,"sunset,firework,present,roller,coaster,frog,sunrise,ferrari,balloon",0.125,"sunset,fireworks,present,roller.coaster,frog,sunrise,ferrari,balloon"
fast_red,fast,red,8,1.125,0.6666666666666666,0.6666666666666666,0.16666666666666666,0.5,car,0.375,car
stale_red,stale,red,8,1.125,1.0,1.0,0.0,0.125,"popcorn,cereal,macaron,old,candy,cupcake,apple,tomato,cherry",0.125,"popcorn,cereal,macaron,old.candy,cupcake,apple,tomato,cherries"
liked_red,liked,red,8,1.0,1.0,1.0,0.0,0.125,"strawberry,bicycle,candy,santa,cardinal,apple,grape,cherry",0.125,"strawberry,bicycle,candy,santa,cardinal,apple,grapes,cherries"
fresh_yellow,fresh,yellow,12,1.0,0.5833333333333334,0.5833333333333334,0.13636363636363635,0.3333333333333333,lemon,0.3333333333333333,lemon
tense_yellow,tense,yellow,12,1.0833333333333333,1.0,1.0,0.0,0.08333333333333333,"tennis,chicken,tape,measure,homer,banana,danger,cat,rubberband,sun,hair,cable,book",0.08333333333333333,"tennis,chicken,tape.measure,homer,banana,danger,cat,rubberband,sun,hair,cable,book"
dead_red,dead,red,8,1.25,1.0,1.0,0.0,0.125,"blood,spider,cooked,lobster,squish,roadkill,cardinal,fox,shrub,licorice",0.125,"blood,spider,cooked.lobster,squished.roadkill,cardinal,fox,shrub,licorice"
active_red,active,red,8,1.0,0.875,0.875,0.03571428571428571,0.25,sun,0.25,sun
passive_yellow,passive,yellow,12,1.0,0.9166666666666666,0.8333333333333334,0.030303030303030304,0.16666666666666666,"flower,banana",0.16666666666666666,banana
sad_yellow,sad,yellow,12,1.25,1.0,1.0,0.0,0.08333333333333333,"cry,sanji,pac,man,big,bird,monkey,skin,flower,book,sad,emoji,dog,trashcan,clown",0.08333333333333333,"crying,sanji,pac.man,big.bird,monkey,skin,flower,books,sad.emoji,dog,trashcan,clown"
old_yellow,old,yellow,12,1.1666666666666667,1.0,1.0,0.0,0.08333333333333333,"wallpaper,leaf,pac,man,phone,book,hat,picture,banana,bellpepper,canary,painting,dress,chair",0.08333333333333333,"wallpaper,leaf,pac.man,phone.book,hat,picture,banana,bellpepper,canary,painting,dress,chair"
disliked_yellow,disliked,yellow,12,1.0833333333333333,0.9230769230769231,0.9230769230769231,0.01282051282051282,0.16666666666666666,clown,0.16666666666666666,clown
tense_red,tense,red,8,1.125,1.0,1.0,0.0,0.125,"stress,scorpion,trampoline,angry,cartoon,blood,fox,band,fire",0.125,"stress,scorpion,trampoline,angry.cartoon,blood,fox,band,fire"
unripe_red,unripe,red,8,1.25,0.9,0.8,0.06666666666666667,0.375,apple,0.125,"apples,raspberry,beet,small.crab.apples,tomatoe,apple,tomato,pomegranate"
slow_yellow,slow,yellow,12,1.25,0.7333333333333333,0.7333333333333333,0.06666666666666667,0.3333333333333333,slug,0.3333333333333333,slug
dull_yellow,dull,yellow,12,1.0,0.9166666666666666,0.9166666666666666,0.015151515151515152,0.16666666666666666,pencil,0.16666666666666666,pencil
sad_red,sad,red,8,1.125,0.8888888888888888,0.8888888888888888,0.027777777777777776,0.25,blood,0.25,blood
unripe_yellow,unripe,yellow,12,1.0,0.75,0.75,0.06060606060606061,0.25,banana,0.25,banana
old_red,old,red,8,1.5,1.0,1.0,0.0,0.125,"jewelry,couch,cave,painting,old,tricycle,fox,sun,rug,etch,a,sketch",0.125,"jewelry,couch,cave.paintings,old.tricycle,fox,sun,rug,etch.a.sketch"
hot_red,hot,red,8,1.25,0.7,0.7,0.08888888888888889,0.375,pepper,0.375,pepper
new_yellow,new,yellow,12,1.0,0.9166666666666666,0.9166666666666666,0.015151515151515152,0.16666666666666666,car,0.16666666666666666,car
jealous_red,jealous,red,8,1.25,1.0,1.0,0.0,0.125,"cheek,husband,clown,angry,cartoon,parrot,pepper,gift,mrs.,claus",0.125,"cheeks,husband,clown,angry.cartoon,parrots,pepper,gift,mrs..claus"
ripe_red,ripe,red,8,1.0,0.75,0.625,0.14285714285714285,0.375,apple,0.375,apple
dead_yellow,dead,yellow,12,1.0,0.9166666666666666,0.8333333333333334,0.045454545454545456,0.25,leaf,0.16666666666666666,leaf
light_yellow,light,yellow,12,1.0833333333333333,0.8461538461538461,0.8461538461538461,0.02564102564102564,0.16666666666666666,"sunshine,sun",0.16666666666666666,"sunshine,sun"
fast_yellow,fast,yellow,12,1.0833333333333333,0.8461538461538461,0.8461538461538461,0.038461538461538464,0.25,car,0.25,car
alive_yellow,alive,yellow,12,1.0,0.9166666666666666,0.9166666666666666,0.015151515151515152,0.16666666666666666,sunflower,0.16666666666666666,sunflower
heavy_red,heavy,red,8,1.125,1.0,1.0,0.0,0.125,"bowling,ball,brick,axe,firetruck,barrel,car,tree,watermelon",0.125,"bowling.ball,brick,axe,firetruck,barrel,car,tree,watermelon"
hot_yellow,hot,yellow,12,1.1666666666666667,0.6428571428571429,0.6428571428571429,0.07692307692307693,0.25,"fire,sun",0.25,"fire,sun"
fresh_red,fresh,red,8,1.0,0.75,0.75,0.07142857142857142,0.25,"strawberry,apple",0.25,"strawberry,apple"
disliked_red,disliked,red,8,1.125,1.0,1.0,0.0,0.125,"sting,ant,blood,ghost,pepper,fire,apple,radish,frown",0.125,"sting,ants,blood,ghost.peppers,fires,apple,radish,frown"
cold_yellow,cold,yellow,12,1.3333333333333333,0.5,0.5,0.10833333333333334,0.3333333333333333,popsicle,0.25,"ice.cream,popsicle"
hard_yellow,hard,yellow,12,1.0833333333333333,1.0,1.0,0.0,0.08333333333333333,"rock,tractor,lemon,helmet,coin,banana,boil,egg,door,brick,pineapple,table,gold",0.08333333333333333,"rock,tractor,lemon,helmet,coin,banana,boiled.egg,door,brick,pineapple,table,gold"
relaxed_yellow,relaxed,yellow,12,1.3333333333333333,1.0,1.0,0.0,0.08333333333333333,"nap,sofa,post,it,note,canary,banana,hammock,blonde,hair,pineapple,sunflower,bird,egg,yolk,cat",0.08333333333333333,"nap,sofa,post.it.notes,canary,banana,hammock,blonde.hair,pineapple,sunflower,bird,egg.yolk,cat"
alive_red,alive,red,8,1.0,1.0,1.0,0.0,0.125,"flower,worm,bird,apple,fire,fox,squirrel,poppy",0.125,"flower,worm,bird,apple,fire,fox,squirrel,poppy"
heavy_yellow,heavy,yellow,12,1.25,0.9333333333333333,0.9333333333333333,0.009523809523809525,0.16666666666666666,sun,0.08333333333333333,"rocky,truck,taxi,sun,gold,crane,the.sun,hay.bale,bowling.ball,box,paperweight,furniture"
jealous_yellow,jealous,yellow,12,1.0833333333333333,1.0,1.0,0.0,0.08333333333333333,"vacation,dog,homer,simpson,spongebob,clown,wife,tiger,bee,canary,blonde,lightning,cartoon",0.08333333333333333,"vacation,dog,homer.simpson,spongebob,clown,wife,tiger,bees,canary,blonde,lightning,cartoon"
submissive_yellow,submissive,yellow,12,1.0833333333333333,1.0,1.0,0.0,0.08333333333333333,"wife,asian,flower,blonde,noodle,puppy,baby,chick,labrador,boat,retriever,rock,leaf",0.08333333333333333,"wife,asian,flowers,blonde,noodle,puppy,baby.chick,labrador,boat,retriever,rock,leaf"
slow_red,slow,red,8,1.125,1.0,1.0,0.0,0.125,"lava,tricycle,wagon,santa,ladybug,car,snail,stop,sign",0.125,"lava,tricycle,wagon,santa,ladybug,car,snail,stop.sign"
passive_red,passive,red,8,1.125,1.0,1.0,0.0,0.125,"game,fish,light,stop,sign,fire,cardinal,barn,ball",0.125,"games,fish,light,stop.sign,fires,cardinal,barn,ball"
selfless_black,selfless,black,10,1.0,1.0,1.0,0.0,0.1,"venom,screen,space,mother,kemah,tar,mlk,doctor,galaxy,bird",0.1,"venom,screen,space,mother,kemah,tar,mlk,doctor,galaxy,bird"
passive_black,passive,black,10,1.0,1.0,1.0,0.0,0.1,"tar,statue,book,rock,person,stone,receiver,bonobo,veil,cat",0.1,"tar,statue,book,rock,person,stone,receiver,bonobo,veil,cat"
relaxed_black,relaxed,black,10,1.0,0.9,0.9,0.022222222222222223,0.2,chair,0.2,chair
light_black,light,black,10,1.1,1.0,1.0,0.0,0.1,"backpack,mirror,night,cotton,shopping,cart,silk,plastic,charcoal,feather,onyx",0.1,"backpack,mirror,night,cotton,shopping.cart,silk,plastic,charcoal,feather,onyx"
unripe_black,unripe,black,10,1.0,0.9,0.9,0.022222222222222223,0.2,eggplant,0.2,eggplant
soft_black,soft,black,10,1.0,0.7,0.7,0.06666666666666667,0.2,"cat,sweater,pillow",0.2,"cat,sweater,pillow"
active_black,active,black,10,1.0,0.9,0.9,0.022222222222222223,0.2,dog,0.2,dog
cold_black,cold,black,10,1.1,0.9090909090909091,0.9090909090909091,0.01818181818181818,0.2,ice,0.1,"refrigerator,graphite,space,body,black.ice,obsidian,stone,slate,night,ice"
fresh_black,fresh,black,10,1.0,0.9,0.9,0.022222222222222223,0.2,pepper,0.2,pepper
slow_black,slow,black,10,1.1,1.0,1.0,0.0,0.1,"race-car,lava,snail,snae,shopping,cart,turtle,worm,molasses,train,tortoise",0.1,"race-car,lava,snail,snae,shopping.cart,turtle,worm,molasses,train,tortoise"
tense_black,tense,black,10,1.0,1.0,1.0,0.0,0.1,"hamster,computer,wire,activist,person,panther,snake,raven,needle,cat",0.1,"hamster,computer,wire,activist,person,panther,snake,raven,needle,cat"
sad_black,sad,black,10,1.0,0.9,0.9,0.022222222222222223,0.2,widow,0.2,widow
calm_black,calm,black,10,1.0,1.0,1.0,0.0,0.1,"gerbil,lava,water,sky,person,gorilla,rock,night,sea,kitten",0.1,"gerbil,lava,waters,sky,person,gorilla,rock,night,sea,kitten"
angry_black,angry,black,10,1.0,1.0,1.0,0.0,0.1,"cat,panther,hornet,blm,person,bull,speaker,grackle,grafitti,bear",0.1,"cat,panther,hornet,blm,person,bull,speaker,grackles,grafitti,bear"
exciting_black,exciting,black,10,1.1,1.0,1.0,0.0,0.1,"cat,ski,car,lbd,roller,coaster,sportscar,tv,actor,motorcycle,panther",0.1,"cat,skis,car,lbd,roller.coaster,sportscar,tv,actors,motorcycle,panther"
dull_black,dull,black,10,1.0,0.8,0.8,0.044444444444444446,0.2,"chair,knife",0.2,"chair,knife"
dirty_black,dirty,black,10,1.0,1.0,1.0,0.0,0.1,"shirt,soot,dish,clothes,doormat,pot,ashpalt,soil,dirt,wall",0.1,"shirt,soot,dishes,clothes,doormat,pot,ashpalt,soil,dirt,wall"
heavy_black,heavy,black,10,1.0,1.0,1.0,0.0,0.1,"sofa,iron,weight,fireplac,car,cauldron,coal,dumbell,rock,truck",0.1,"sofa,iron,weights,fireplac,car,cauldron,coal,dumbell,rock,truck"
hot_black,hot,black,10,1.0,1.0,1.0,0.0,0.1,"bbq,skillet,asphalt,coal,person,pan,stove,singularity,ash,tar",0.1,"bbq,skillet,asphalt,coal,person,pan,stove,singularity,ash,tar"
jealous_black,jealous,black,10,1.0,0.8,0.8,0.044444444444444446,0.2,"cat,crow",0.2,"cat,crow"
old_black,old,black,10,1.1,1.0,1.0,0.0,0.1,"sweater,grandma,chair,shoe,polish,person,typewriter,train,rasin,book,woman",0.1,"sweater,grandma,chair,shoe.polish,person,typewriter,train,rasin,book,woman"
happy_black,happy,black,10,1.0,1.0,1.0,0.0,0.1,"dog,bird,bear,mother,person,kitten,cat,blackbird,concert,man",0.1,"dog,bird,bear,mother,person,kitten,cat,blackbird,concert,man"
submissive_black,submissive,black,10,1.0,0.9,0.9,0.022222222222222223,0.2,cat,0.2,cat
aggressive_black,aggressive,black,10,1.1,1.0,1.0,0.0,0.1,"panthar,antd,force,malcolm,x,person,spider,cobra,watermoccasin,bee,snake",0.1,"panthar,antd,force,malcolm.x,person,spider,cobra,watermoccasin,bee,snake"
stale_black,stale,black,10,1.5,0.8666666666666667,0.8666666666666667,0.01904761904761905,0.2,"mold,potato",0.2,mold
hard_black,hard,black,10,1.2,0.8333333333333334,0.8333333333333334,0.030303030303030304,0.2,"coal,rock",0.2,"coal,rock"
alive_black,alive,black,10,1.0,0.7,0.7,0.06666666666666667,0.2,"cat,person,beetle",0.2,"cat,person,beetle"
dead_black,dead,black,10,1.0,0.9,0.9,0.022222222222222223,0.2,corpse,0.2,corpse
fast_black,fast,black,10,1.0,0.9,0.9,0.022222222222222223,0.2,car,0.2,car
liked_black,liked,black,10,1.0,1.0,1.0,0.0,0.1,"shirt,cake,tea,pant,person,dog,obama,oil,car,cat",0.1,"shirt,cake,tea,pants,person,dog,obama,oil,car,cat"
clean_black,clean,black,10,1.0,1.0,1.0,0.0,0.1,"jacket,screen,pot,pant,kemah,ebony,tile,marble,newspaper,furniture",0.1,"jacket,screen,pot,pants,kemah,ebony,tile,marble,newspaper,furniture"
ripe_black,ripe,black,10,1.0,0.8,0.8,0.044444444444444446,0.2,"grape,olive",0.2,"grape,olive"
disliked_black,disliked,black,10,1.0,1.0,1.0,0.0,0.1,"tar,coal,mold,rapper,person,raven,cavity,burnt,tattoo,hawk",0.1,"tar,coal,mold,rapper,person,raven,cavity,burnt,tattoo,hawk"
new_black,new,black,10,1.0,0.6,0.6,0.2222222222222222,0.5,shoe,0.5,shoes
selfless_orange,selfless,orange,11,1.0909090909090908,1.0,1.0,0.0,0.09090909090909091,"goku,guard,worker,sunrise,monkey,emergency,person,songbird,poohbear,safety,vest,bird",0.09090909090909091,"goku,guard,workers,sunrise,monkey,emergency,person,songbird,poohbear,safety.vest,bird"
unripe_orange,unripe,orange,11,1.0,0.8181818181818182,0.8181818181818182,0.03636363636363636,0.18181818181818182,"pepper,fruit",0.18181818181818182,"pepper,fruit"
dull_orange,dull,orange,11,1.0,1.0,1.0,0.0,0.09090909090909091,"ball,finish,orange,canoe,knife,shine,pencil,ochre,hair,bowl,pen",0.09090909090909091,"ball,finish,oranges,canoe,knife,shine,pencil,ochre,hair,bowl,pen"
jealous_orange,jealous,orange,11,1.0,0.7272727272727273,0.7272727272727273,0.10909090909090909,0.36363636363636365,trump,0.36363636363636365,trump
old_orange,old,orange,11,1.0909090909090908,1.0,1.0,0.0,0.09090909090909091,"orangutan,couch,garfield,trump,popsicle,paint,orange,carpet,sunset,countertop,sunburn,man",0.09090909090909091,"orangutan,couch,garfield,trump,popsicle,paint,oranges,carpet,sunset,countertop,sunburned.man"
hard_orange,hard,orange,11,1.1818181818181819,0.9230769230769231,0.9230769230769231,0.01282051282051282,0.18181818181818182,rock,0.18181818181818182,rock
sad_orange,sad,orange,11,1.0909090909090908,0.8333333333333334,0.8333333333333334,0.030303030303030304,0.18181818181818182,"trump,cat",0.18181818181818182,trump
hot_orange,hot,orange,11,1.3636363636363635,0.7333333333333333,0.7333333333333333,0.047619047619047616,0.2727272727272727,fire,0.2727272727272727,fire
submissive_orange,submissive,orange,11,1.0,1.0,1.0,0.0,0.09090909090909091,"puppy,tabby,cheese,hamster,carrot,cat,person,maid,captain,pumpkin,orange",0.09090909090909091,"puppy,tabby,cheese,hamster,carrot,cat,person,maid,captain,pumpkin,orange"
slow_orange,slow,orange,11,1.0909090909090908,0.9166666666666666,0.9166666666666666,0.015151515151515152,0.18181818181818182,slug,0.18181818181818182,slug
ripe_orange,ripe,orange,11,1.0,0.6363636363636364,0.5454545454545454,0.14545454545454545,0.36363636363636365,orange,0.2727272727272727,orange
passive_orange,passive,orange,11,1.0,1.0,1.0,0.0,0.09090909090909091,"lorax,parrot,flower,pumpkin,sun,fruit,person,goldfish,hammer,cat,duck",0.09090909090909091,"lorax,parrot,flowers,pumpkin,sun,fruit,person,goldfish,hammer,cat,duck"
liked_orange,liked,orange,11,1.0909090909090908,0.9166666666666666,0.9166666666666666,0.015151515151515152,0.18181818181818182,orange,0.09090909090909091,"sun,antique,orange.juice,orange,fruit,cleaner,person,carotene,popsicle,cake,carrot"
angry_orange,angry,orange,11,1.0909090909090908,0.75,0.75,0.09090909090909091,0.36363636363636365,trump,0.36363636363636365,trump
exciting_orange,exciting,orange,11,1.2727272727272727,0.8571428571428571,0.8571428571428571,0.02197802197802198,0.18181818181818182,"fire,car",0.18181818181818182,fire
dirty_orange,dirty,orange,11,1.1818181818181819,1.0,0.9230769230769231,0.01282051282051282,0.18181818181818182,cone,0.09090909090909091,"cone,shirt,traffic.cones,cheetos,coat,pumice,beach.towel,pumpkin,sign,car,floor"
relaxed_orange,relaxed,orange,11,1.0909090909090908,0.9166666666666666,0.9166666666666666,0.015151515151515152,0.18181818181818182,cat,0.09090909090909091,"guard,lounger,goldfish,carrot,hair,hat,sphinx.cat,juiced,cat,pillow,tangerine"
disliked_orange,disliked,orange,11,1.0909090909090908,0.8333333333333334,0.8333333333333334,0.045454545454545456,0.2727272727272727,trump,0.2727272727272727,trump
aggressive_orange,aggressive,orange,11,1.0909090909090908,0.6666666666666666,0.6666666666666666,0.07575757575757576,0.2727272727272727,tiger,0.2727272727272727,tiger
stale_orange,stale,orange,11,1.4545454545454546,0.875,0.875,0.016666666666666666,0.18181818181818182,"potato,cheetos",0.18181818181818182,cheetos
cold_orange,cold,orange,11,1.1818181818181819,0.6923076923076923,0.6923076923076923,0.07692307692307693,0.2727272727272727,"juice,popsicle",0.2727272727272727,popsicle
calm_orange,calm,orange,11,1.0,0.9090909090909091,0.9090909090909091,0.01818181818181818,0.18181818181818182,sunset,0.18181818181818182,sunset
soft_orange,soft,orange,11,1.0,0.6363636363636364,0.6363636363636364,0.18181818181818182,0.45454545454545453,pillow,0.45454545454545453,pillow
happy_orange,happy,orange,11,1.0909090909090908,1.0,1.0,0.0,0.09090909090909091,"boruto,sherbet,popsicle,balloon,jam,candy,tabby,cat,sun,lion,sunrise,smile",0.09090909090909091,"boruto,sherbet,popsicle,balloons,jam,candy,tabby.cat,sun,lion,sunrise,smile"
active_orange,active,orange,11,1.3636363636363635,1.0,1.0,0.0,0.09090909090909091,"nami,race,rooster,short,ball,worker,person,wear,a,orange,shirt,dog,painting,buoy,giraffe",0.09090909090909091,"nami,race,rooster,shorts,ball,worker,person.wearing.a.orange.shirt,dog,painting,buoy,giraffe"
tense_orange,tense,orange,11,1.0,1.0,1.0,0.0,0.09090909090909091,"lion,checkpoint,stress,fox,car,cone,person,life-preserver,giraffe,spring,monkey",0.09090909090909091,"lion,checkpoint,stress,fox,car,cone,person,life-preserver,giraffe,spring,monkey"
light_orange,light,orange,11,1.1818181818181819,1.0,1.0,0.0,0.09090909090909091,"medicine,gelatin,jack,o,lantern,pepper,marshmallow,sun,book,sunlight,feather,flower,tangerine",0.09090909090909091,"medicine,gelatin,jack.o.lantern,pepper,marshmallow,sun,book,sunlight,feather,flower,tangerine"
dead_orange,dead,orange,11,1.0,1.0,1.0,0.0,0.09090909090909091,"mufasa,burn,fish,skull,shoe,tree,person,paint,leaf,roadkill,bird",0.09090909090909091,"mufasa,burn,fish,skull,shoe,tree,person,paint,leaf,roadkill,bird"
new_orange,new,orange,11,1.0909090909090908,1.0,1.0,0.0,0.09090909090909091,"book,cup,orange,leaf,parachute,car,sphinx,cat,sign,skirt,vase,sweater",0.09090909090909091,"book,cup,orange,leaf,parachute,car,sphinx.cat,sign,skirt,vase,sweater"
fresh_orange,fresh,orange,11,1.0,0.6363636363636364,0.5454545454545454,0.12727272727272726,0.2727272727272727,"juice,orange",0.2727272727272727,juice
clean_orange,clean,orange,11,1.0,0.9090909090909091,0.9090909090909091,0.01818181818181818,0.18181818181818182,cleaner,0.18181818181818182,cleaner
heavy_orange,heavy,orange,11,1.1818181818181819,0.9230769230769231,0.9230769230769231,0.01282051282051282,0.18181818181818182,truck,0.18181818181818182,truck
alive_orange,alive,orange,11,1.0909090909090908,1.0,1.0,0.0,0.09090909090909091,"snake,fox,butterfly,orangutan,parakeet,tree,sphinx,cat,beetle,tabby,fish,robot",0.09090909090909091,"snake,fox,butterfly,orangutan,parakeet,tree,sphinx.cat,beetle,tabby,fish,robot"
fast_orange,fast,orange,11,1.1818181818181819,0.7692307692307693,0.7692307692307693,0.038461538461538464,0.18181818181818182,"tiger,car,cheetah",0.18181818181818182,"tiger,cheetah"
